PDBID,Resolution,Year,Ligand Name,Ligand Chain,Ligand Residue Number,Binding Affinity Measurement,Binding Affinity Sign,Binding Affinity Value,Binding Affinity Unit,Log Binding Affinity,Binding Affinity Source,Binding Affinity Annotation
1a08,2.2,1997,ACE-DIP,C,100-103,kd,=,2.4,uM,-5.619788758288394,PDBBind,Kd=2.4uM
1a08,2.2,1997,ACE-DIP,D,100-103,kd,=,2.4,uM,-5.619788758288394,PDBBind,Kd=2.4uM
1a1b,2.2,1997,ACE-DIP,C,100-103,kd,=,0.4,uM,-6.3979400086720375,PDBBind,Kd=0.4uM
1a1b,2.2,1997,ACE-DIP,D,100-103,kd,=,0.4,uM,-6.3979400086720375,PDBBind,Kd=0.4uM
1a1c,2.4,1997,ACE-DIX,C,100-103,kd,=,0.4,uM,-6.3979400086720375,PDBBind,Kd=0.4uM
1a1c,2.4,1997,ACE-DIX,D,100-103,kd,=,0.4,uM,-6.3979400086720375,PDBBind,Kd=0.4uM
1a1e,2.2,1997,ACE-DIY,C,100-103,kd,=,1.0,uM,-6.0,PDBBind,Kd=1uM
1a1e,2.2,1997,ACE-DIY,D,100-103,kd,=,1.0,uM,-6.0,PDBBind,Kd=1uM
1a30,2.0,1998,GLU-LEU,C,506-508,ki,=,50.0,uM,-4.301029995663981,PDBBind,Ki=50uM
1a7c,1.95,1998,ACE-NH2,B,900-906,kd,<=,100.0,uM,-4.0,PDBBind,Kd<=100uM
1a7c,1.95,1998,ACE-NH2,C,910-916,kd,<=,100.0,uM,-4.0,PDBBind,Kd<=100uM
1af6,2.4,1997,GLC-FRU,D,1-2,kd,=,15.0,mM,-1.8239087409443189,PDBBind,Kd=15mM
1af6,2.4,1997,GLC-FRU,E,1-2,kd,=,15.0,mM,-1.8239087409443189,PDBBind,Kd=15mM
1af6,2.4,1997,GLC-FRU,F,1-2,kd,=,15.0,mM,-1.8239087409443189,PDBBind,Kd=15mM
1anf,1.67,1997,GLC-GLC,B,1-2,ki,=,3.5,uM,-5.455931955649724,PDBBind,Ki=3.5uM
1aq7,2.2,1997,34H-AG2,B,1-4,ic50,=,0.9,uM,-6.045757490560675,PDBBind,IC50=0.9uM
1awi,2.2,1997,PRO-PRO,P,1-10,kd,=,90.0,uM,-4.045757490560675,PDBBind,Kd=90uM
1ax1,1.95,1997,BGC-GAL,C,1-2,kd,=,0.515,mM,-3.288192770958809,PDBBind,Kd=0.515mM
1ax2,1.95,1997,NDG-GAL,C,1-2,kd,=,0.103,mM,-3.987162775294828,PDBBind,Kd=0.103mM
1azg,NMR,1997,PRO-THR,A,91-104,kd,=,16.0,uM,-4.795880017344075,PDBBind,Kd=16uM
1b05,2.0,1998,LYS-LYS,B,1-3,kd,=,75.0,nM,-7.1249387366083,PDBBind,Kd=75nM
1b0h,1.9,1998,LYS-LYS,B,601-603,kd,=,0.2,uM,-6.698970004336019,PDBBind,Kd=0.20uM
1b1h,1.80,1998,LYS-LYS,B,1-3,kd,=,0.093,uM,-7.031517051446065,PDBBind,Kd=0.093uM
1b2h,1.9,1998,LYS-LYS,B,1-3,kd,=,29.0,uM,-4.537602002101044,PDBBind,Kd=29uM
1b32,1.75,1998,LYS-LYS,B,1-3,kd,=,79.0,nM,-7.102372908709558,PDBBind,Kd=79nM
1b3f,1.8,1998,LYS-LYS,B,1-3,kd,=,130.0,nM,-6.886056647693163,PDBBind,Kd=130nM
1b3g,2.0,1998,LYS-LYS,B,1-3,kd,=,200.0,nM,-6.698970004336019,PDBBind,Kd=200nM
1b3h,2.0,1998,LYS-LYS,B,1-3,kd,=,0.62,uM,-6.207608310501746,PDBBind,Kd=0.62uM
1b3l,2.0,1998,LYS-LYS,B,1-3,kd,=,1300.0,nM,-5.886056647693163,PDBBind,Kd=1300nM
1b3l,2.0,1998,LYS-LYS,D,1-3,kd,=,1300.0,nM,-5.886056647693163,PDBBind,Kd=1300nM
1b46,1.80,1999,LYS-LYS,B,1-3,kd,=,5200.0,nM,-5.2839966563652006,PDBBind,Kd=5200nM
1b4h,1.9,1998,LYS-LYS,B,1-3,kd,=,3.44,uM,-5.46344155742847,PDBBind,Kd=3.44uM
1b4z,1.75,1999,LYS-LYS,B,1-3,kd,=,5900.0,nM,-5.229147988357855,PDBBind,Kd=5900nM
1b51,1.8,1999,LYS-LYS,B,1-3,kd,=,43.0,nM,-7.366531544420413,PDBBind,Kd=43nM
1b52,2.3,1999,LYS-LYS,B,1-3,kd,=,76.0,nM,-7.119186407719209,PDBBind,Kd=76nM
1b58,1.8,1999,LYS-LYS,B,1-3,kd,=,260.0,nM,-6.585026652029182,PDBBind,Kd=260nM
1b5h,1.9,1998,LYS-LYS,B,1-3,kd,=,0.97,uM,-6.013228265733755,PDBBind,Kd=0.97uM
1b5i,1.9,1999,LYS-LYS,B,1-3,kd,=,90.0,nM,-7.045757490560675,PDBBind,Kd=90nM
1b5j,1.8,1999,LYS-LYS,B,1-3,kd,=,37.0,nM,-7.431798275933005,PDBBind,Kd=37nM
1b6h,1.8,1998,LYS-LYS,B,1-3,kd,=,0.015,uM,-7.823908740944319,PDBBind,Kd=0.015uM
1b7h,2.0,1998,LYS-LYS,B,1-3,kd,=,0.0095,uM,-8.022276394711152,PDBBind,Kd=0.0095uM
1b9j,1.8,1999,LYS-LYS,B,1-3,kd,=,1100.0,nM,-5.958607314841775,PDBBind,Kd=1100nM
1bbz,1.65,1998,ACE-PRO,B,0-10,kd,=,1.5,uM,-5.823908740944319,PDBBind,Kd=1.5uM
1bbz,1.65,1998,ACE-PRO,D,0-10,kd,=,1.5,uM,-5.823908740944319,PDBBind,Kd=1.5uM
1bbz,1.65,1998,ACE-PRO,F,0-10,kd,=,1.5,uM,-5.823908740944319,PDBBind,Kd=1.5uM
1bbz,1.65,1998,ACE-PRO,H,0-10,kd,=,1.5,uM,-5.823908740944319,PDBBind,Kd=1.5uM
1bhf,1.8,1998,ACE-ILE,I,251-255,kd,=,42.0,uM,-4.376750709602099,PDBBind,Kd=42uM
1bmb,1.80,1998,LYS-PHE,I,1-9,ic50,=,0.7,uM,-6.154901959985743,PDBBind,IC50=0.7uM
1br8,2.9,1998,SER-ALA,P,1-12,kd,=,18.0,uM,-4.7447274948966935,PDBBind,Kd=18uM
1bxl,NMR,1996,GLY-ARG,B,572-587,kd,=,0.34,uM,-6.468521082957745,PDBBind,Kd=0.34uM
1c5f,2.47,1999,DAL-ALA,B,1-11,ic50,=,860.0,nM,-6.065501548756432,PDBBind,IC50=860nM
1c5f,2.47,1999,DAL-ALA,D,1-11,ic50,=,860.0,nM,-6.065501548756432,PDBBind,IC50=860nM
1c5f,2.47,1999,DAL-ALA,F,1-11,ic50,=,860.0,nM,-6.065501548756432,PDBBind,IC50=860nM
1c5f,2.47,1999,DAL-ALA,H,1-11,ic50,=,860.0,nM,-6.065501548756432,PDBBind,IC50=860nM
1c5f,2.47,1999,DAL-ALA,J,1-11,ic50,=,860.0,nM,-6.065501548756432,PDBBind,IC50=860nM
1c5f,2.47,1999,DAL-ALA,L,1-11,ic50,=,860.0,nM,-6.065501548756432,PDBBind,IC50=860nM
1c5f,2.47,1999,DAL-ALA,N,1-11,ic50,=,860.0,nM,-6.065501548756432,PDBBind,IC50=860nM
1c5f,2.47,1999,DAL-ALA,P,1-11,ic50,=,860.0,nM,-6.065501548756432,PDBBind,IC50=860nM
1cwb,2.20,1995,DAL-ALA,C,1-11,ki,=,13.0,nM,-7.886056647693163,PDBBind,Ki=13nM
1cwc,1.86,1995,DAL-ALA,C,1-11,ic50,=,16.0,nM,-7.795880017344075,PDBBind,IC50=16.0nM
1d4t,1.10,1999,LYS-LYS,B,276-286,kd,=,650.0,nM,-6.187086643357144,PDBBind,Kd=650nM
1ddm,NMR,1999,GLY-PRO,B,1-11,kd,=,1.7,uM,-5.769551078621726,PDBBind,Kd=1.7uM
1dpu,NMR,1999,ARG-ARG,B,73-88,kd,=,1.0,uM,-6.0,PDBBind,Kd=1uM
1elr,1.90,2000,ACE-ASP,B,0-5,kd,=,11.0,uM,-4.958607314841775,PDBBind,Kd=11uM
1f3j,3.1,2000,ALA-SER,P,11-24,kd,=,6.0,uM,-5.221848749616356,PDBBind,Kd=6.0uM
1f3j,3.1,2000,ALA-SER,Q,11-24,kd,=,6.0,uM,-5.221848749616356,PDBBind,Kd=6.0uM
1f8a,1.84,2000,TYR-SER,C,170-176,kd,=,10.0,uM,-5.0,PDBBind,Kd=10uM
1f90,2.6,2000,LYS-LEU,E,1-9,kd,=,11.9,nM,-7.924453038607469,PDBBind,Kd=11.9nM
1fch,2.20,2000,TYR-LEU,C,1-5,kd,=,70.0,nM,-7.154901959985743,PDBBind,Kd=70nM
1fch,2.20,2000,TYR-LEU,D,1-5,kd,=,70.0,nM,-7.154901959985743,PDBBind,Kd=70nM
1fhr,NMR,2000,GLU-ASP,P,826-832,kd,=,100.0,uM,-4.0,PDBBind,Kd=100uM
1fiv,2.0,1995,ACE-NH2,B,201-207,ki,=,260.0,nM,-6.585026652029182,PDBBind,Ki=260nM
1fkn,1.90,2000,GLU-PHE,C,1-7,ki,=,1.6,nM,-8.795880017344075,PDBBind,Ki=1.6nM
1fkn,1.90,2000,GLU-PHE,D,1-7,ki,=,1.6,nM,-8.795880017344075,PDBBind,Ki=1.6nM
1fo0,2.50,2000,ILE-ILE,P,1-8,kd,=,2.6,uM,-5.585026652029182,PDBBind,Kd=2.6uM
1fyr,2.40,2000,ACE-VAL,I,-1-3,ic50,=,2.4,uM,-5.619788758288394,PDBBind,IC50=2.4uM
1fyr,2.40,2000,ACE-VAL,J,-1-3,ic50,=,2.4,uM,-5.619788758288394,PDBBind,IC50=2.4uM
1fyr,2.40,2000,ACE-VAL,K,-1-3,ic50,=,2.4,uM,-5.619788758288394,PDBBind,IC50=2.4uM
1fyr,2.40,2000,ACE-VAL,L,-1-3,ic50,=,2.4,uM,-5.619788758288394,PDBBind,IC50=2.4uM
1fzj,1.90,2000,ARG-LEU,P,1-8,kd,=,8.0,nM,-8.096910013008056,PDBBind,Kd=8nM
1fzk,1.70,2000,PHE-LEU,P,1-9,kd,=,4.0,nM,-8.397940008672037,PDBBind,Kd=4nM
1fzm,1.80,2000,ARG-LEU,P,1-8,kd,=,20.0,nM,-7.698970004336019,PDBBind,Kd=20nM
1fzo,1.80,2000,PHE-LEU,P,1-9,kd,=,13.0,nM,-7.886056647693163,PDBBind,Kd=13nM
1g1e,NMR,2000,ARG-ARG,A,6-21,kd,=,29.0,nM,-7.537602002101044,PDBBind,Kd=29nM
1g3f,NMR,2000,ALA-GLU,B,901-909,kd,=,0.43,uM,-6.366531544420414,PDBBind,Kd=0.43uM
1g6r,2.8,2000,SER-LEU,P,1-8,kd,=,54.0,uM,-4.267606240177031,PDBBind,Kd=54uM
1g6r,2.8,2000,SER-LEU,Q,1-8,kd,=,54.0,uM,-4.267606240177031,PDBBind,Kd=54uM
1g7p,1.50,2000,SER-MET,P,1-9,kd,=,90.0,nM,-7.045757490560675,PDBBind,Kd=90nM
1g7q,1.60,2000,SER-ALA,P,1-8,kd,=,877.0,nM,-6.057000406633959,PDBBind,Kd=877nM
1gbq,NMR,1996,ACE-NH2,B,0-11,kd,=,3.5,mM,-2.4559319556497243,PDBBind,Kd=3.5mM
1guw,NMR,2002,ALA-GLY,B,1-18,kd,=,1.9,uM,-5.721246399047171,PDBBind,Kd=1.9uM
1gux,1.85,1997,ASP-ASN,E,1-9,kd,=,110.0,nM,-6.958607314841775,PDBBind,Kd=110nM
1gz9,1.70,2002,BGC-FUC,B,1-3,kd,=,0.31,mM,-3.508638306165728,PDBBind,Kd=0.31mM
1h3h,NMR,2002,ALA-ALA,B,76-86,kd,=,220.0,nM,-6.657577319177793,PDBBind,Kd=220nM
1haa,NMR,2001,TRP-ASP,B,75-87,ic50,=,2.0,nM,-8.698970004336019,PDBBind,IC50=2nM
1hef,2.20,1992,ALA-VME,I,201-211,ki,=,1.0,nM,-9.0,PDBBind,Ki=1nM
1him,2.9,1992,TYR-NH2,P,100-108,ic50,=,20.0,nM,-7.698970004336019,PDBBind,IC50=20nM
1him,2.9,1992,TYR-NH2,R,100-109,ic50,=,20.0,nM,-7.698970004336019,PDBBind,IC50=20nM
1i5h,NMR,2001,GLY-LEU,B,605-621,kd,=,53.0,uM,-4.275724130399211,PDBBind,Kd=53uM
1inq,2.20,2001,SER-LEU,C,2001-2009,ic50,=,539.0,nM,-6.268411234813261,PDBBind,IC50=539nM
1irs,NMR,1996,LEU-SER,B,489-499,kd,=,6.0,uM,-5.221848749616356,PDBBind,Kd=6uM
1j4k,NMR,2001,GLU-ASP,P,826-832,kd,=,100.0,uM,-4.0,PDBBind,Kd=100uM
1j4p,NMR,2001,LYS-GLU,B,165-177,kd,=,10.2,uM,-4.991399828238082,PDBBind,Kd=10.2uM
1j7z,2.25,2001,LYS-NH2,A,1-16,kd,=,0.02,uM,-7.698970004336019,PDBBind,Kd=0.02uM
1j80,2.10,2001,LYS-NH2,A,1-16,kd,=,0.3,uM,-6.522878745280337,PDBBind,Kd=0.3uM
1j81,2.20,2001,LYS-NH2,A,1-16,kd,=,0.08,uM,-7.096910013008056,PDBBind,Kd=0.08uM
1jet,1.2,1996,LYS-LYS,B,1-3,kd,=,56.0,nM,-7.251811972993799,PDBBind,Kd=56nM
1jeu,1.25,1996,LYS-LYS,B,1-3,kd,=,150.0,nM,-6.823908740944319,PDBBind,Kd=150nM
1jev,1.3,1996,LYS-LYS,B,1-3,kd,=,130.0,nM,-6.886056647693163,PDBBind,Kd=130nM
1joj,3.00,2001,ACE-NH2,P,1-8,ic50,=,0.06,mM,-4.221848749616356,PDBBind,IC50=0.06mM
1joj,3.00,2001,ACE-NH2,Q,1-8,ic50,=,0.06,mM,-4.221848749616356,PDBBind,IC50=0.06mM
1joj,3.00,2001,ACE-NH2,R,1-8,ic50,=,0.06,mM,-4.221848749616356,PDBBind,IC50=0.06mM
1joj,3.00,2001,ACE-NH2,S,1-8,ic50,=,0.06,mM,-4.221848749616356,PDBBind,IC50=0.06mM
1jq8,2.00,2001,LEU-SER,P,1-5,ki,=,1.01,uM,-5.995678626217358,PDBBind,Ki=1.01uM
1jq9,1.80,2001,PHE-LYS,P,1-5,kd,=,3.57,nM,-8.447331783887806,PDBBind,Kd=3.57nM
1juf,2.00,2001,SER-LEU,C,2001-2009,ic50,=,1400.0,nM,-5.853871964321762,PDBBind,IC50=1400nM
1jwm,2.70,2001,PRO-THR,C,306-318,kd,=,270.0,uM,-3.5686362358410126,PDBBind,Kd=270uM
1jws,2.60,2001,PRO-THR,C,306-318,kd,=,14.0,uM,-4.853871964321762,PDBBind,Kd=14uM
1jwu,2.30,2001,PRO-THR,C,306-318,kd,=,4.6,uM,-5.337242168318426,PDBBind,Kd=4.6uM
1jyc,2.75,2001,ARG-SER,P,1-15,kd,=,0.046,mM,-4.337242168318426,PDBBind,Kd=0.046mM
1jyc,2.75,2001,ARG-SER,Q,1-15,kd,=,0.046,mM,-4.337242168318426,PDBBind,Kd=0.046mM
1jyc,2.75,2001,ARG-SER,R,1-15,kd,=,0.046,mM,-4.337242168318426,PDBBind,Kd=0.046mM
1jyc,2.75,2001,ARG-SER,S,1-15,kd,=,0.046,mM,-4.337242168318426,PDBBind,Kd=0.046mM
1jyi,2.75,2001,ASP-SER,P,1-12,ic50,=,100.0,uM,-4.0,PDBBind,IC50=100uM
1jyi,2.75,2001,ASP-SER,Q,1-12,ic50,=,100.0,uM,-4.0,PDBBind,IC50=100uM
1jyi,2.75,2001,ASP-SER,R,1-12,ic50,=,100.0,uM,-4.0,PDBBind,IC50=100uM
1jyi,2.75,2001,ASP-SER,S,1-12,ic50,=,100.0,uM,-4.0,PDBBind,IC50=100uM
1jyq,2.00,2001,MAZ-ASN,H,200-203,kd,=,2.0,nM,-8.698970004336019,PDBBind,Kd=2nM
1jyq,2.00,2001,MAZ-ASN,L,200-203,kd,=,2.0,nM,-8.698970004336019,PDBBind,Kd=2nM
1k3n,NMR,2001,LYS-GLU,B,165-177,kd,=,10.2,uM,-4.991399828238082,PDBBind,Kd=10.2uM
1k3q,NMR,2001,SER-GLN,B,165-177,kd,=,0.3,uM,-6.522878745280337,PDBBind,Kd=0.3uM
1k9r,NMR,2001,ACE-TYR,B,45-50,kd,=,500.0,uM,-3.3010299956639813,PDBBind,Kd=500uM
1ka7,NMR,2001,ARG-LYS,B,275-286,kd,=,0.6,uM,-6.221848749616356,PDBBind,Kd=0.60uM
1klg,2.40,2001,GLY-ASP,C,23-37,ic50,=,13.0,nM,-7.886056647693163,PDBBind,IC50=13nM
1klu,1.93,2001,GLY-ASP,C,23-37,ic50,=,25.0,nM,-7.602059991327962,PDBBind,IC50=25nM
1kug,1.37,2002,PCA-TRP,B,251-253,ki,=,0.16,mM,-3.795880017344075,PDBBind,Ki=0.160mM
1kui,1.50,2002,PCA-TRP,B,251-253,ki,=,0.169,mM,-3.772113295386327,PDBBind,Ki=0.169mM
1kuk,1.45,2002,PCA-TRP,B,251-253,ki,=,0.124,mM,-3.906578314837765,PDBBind,Ki=0.124mM
1l0a,2.9,2002,SER-LYS,B,1-18,kd,=,23.9,uM,-4.621602099051862,PDBBind,Kd=23.9uM
1l2z,NMR,2002,SER-VAL,B,63-73,kd,=,203.0,uM,-3.692503962086787,PDBBind,Kd=203uM
1lb6,1.80,2002,LYS-PHE,B,601-609,kd,=,84.0,uM,-4.075720713938118,PDBBind,Kd=84uM
1lcj,1.8,1994,GLU-LEU,B,201-211,kd,=,1.0,nM,-9.0,PDBBind,Kd=1nM
1leg,1.75,2002,GLU-VAL,P,1-8,kd,=,11.1,nM,-7.954677021213342,PDBBind,Kd=11.1nM
1lkl,1.8,1995,ACE-GLY,B,251-255,kd,=,1540.0,nM,-5.8124792791635365,PDBBind,Kd=1540nM
1lyb,2.5,1993,IVA-STA,I,1-6,ki,=,3.8,pM,-11.42021640338319,PDBBind,Ki=3.8pM
1lyb,2.5,1993,IVA-STA,J,1-6,ki,=,3.8,pM,-11.42021640338319,PDBBind,Ki=3.8pM
1m21,1.80,2002,PHE-PHA,C,1-4,ki,<,0.3,uM,-6.522878745280337,PDBBind,Ki<0.3uM
1m21,1.80,2002,PHE-PHA,D,1-4,ki,<,0.3,uM,-6.522878745280337,PDBBind,Ki<0.3uM
1m4h,2.1,2002,GLU-PHE,C,1-7,ki,=,0.3,nM,-9.522878745280336,PDBBind,Ki=0.3nM
1m4h,2.1,2002,GLU-PHE,D,1-7,ki,=,0.3,nM,-9.522878745280336,PDBBind,Ki=0.3nM
1mfg,1.25,2002,GLU-VAL,B,1247-1255,kd,=,50.0,uM,-4.301029995663981,PDBBind,Kd=50uM
1mik,1.76,1995,DAL-ALA,B,1-11,ic50,=,450.0,nM,-6.346787486224656,PDBBind,IC50=450nM
1mq1,NMR,2002,THR-SER,C,1-12,kd,=,260.0,nM,-6.585026652029182,PDBBind,Kd=260nM
1mq1,NMR,2002,THR-SER,D,1-12,kd,=,260.0,nM,-6.585026652029182,PDBBind,Kd=260nM
1mwn,NMR,2002,THR-SER,X,1-12,kd,=,200.0,nM,-6.698970004336019,PDBBind,Kd=200nM
1mwn,NMR,2002,THR-SER,Y,1-12,kd,=,200.0,nM,-6.698970004336019,PDBBind,Kd=200nM
1mxl,NMR,1999,ARG-LYS,I,1-17,kd,=,154.0,uM,-3.812479279163537,PDBBind,Kd=154uM
1n51,2.30,2002,01B-NH2,B,1-5,ki,=,14.0,uM,-4.853871964321762,PDBBind,Ki=14uM
1n7t,NMR,2002,THR-VAL,B,301-307,ic50,=,0.15,uM,-6.823908740944319,PDBBind,IC50=0.15uM
1nh0,1.03,2002,KI2-NH2,I,1-5,ki,=,0.18,nM,-9.744727494896694,PDBBind,Ki=0.18nM
1nh0,1.03,2002,KI2-NH2,J,1-5,ki,=,0.18,nM,-9.744727494896694,PDBBind,Ki=0.18nM
1ntv,1.50,2003,ASN-THR,B,5-14,kd,=,1.5,uM,-5.823908740944319,PDBBind,Kd=1.5uM
1nzl,1.90,2003,PRO-ALA,C,498-505,kd,=,0.07,uM,-7.154901959985743,PDBBind,Kd=0.07uM
1nzv,2.10,2003,PRO-ALA,C,498-505,kd,=,0.4,uM,-6.3979400086720375,PDBBind,Kd=0.40uM
1o9d,2.3,2002,GLN-VAL,P,1-5,kd,=,2.5,uM,-5.6020599913279625,PDBBind,Kd=2.5uM
1oai,1.00,2003,ASP-LYS,B,10-18,kd,=,10.0,uM,-5.0,PDBBind,Kd=10uM
1okv,2.40,2003,ARG-NH2,E,30-35,ic50,=,0.68,uM,-6.167491087293763,PDBBind,IC50=0.68uM
1okv,2.40,2003,ARG-NH2,F,30-35,ic50,=,0.68,uM,-6.167491087293763,PDBBind,IC50=0.68uM
1okw,2.50,2003,ACE-NH2,E,501-507,ic50,=,5.6,uM,-5.251811972993799,PDBBind,IC50=5.6uM
1okw,2.50,2003,ACE-NH2,F,501-507,ic50,=,5.6,uM,-5.251811972993799,PDBBind,IC50=5.6uM
1okx,2.80,2003,1BO-VAL,C,1256-1263,ic50,=,0.16,uM,-6.795880017344075,PDBBind,IC50=0.16uM
1okx,2.80,2003,1BO-VAL,D,1256-1263,ic50,=,0.16,uM,-6.795880017344075,PDBBind,IC50=0.16uM
1ol1,2.90,2003,CIR-NH2,F,500-505,ic50,=,21.0,uM,-4.6777807052660805,PDBBind,IC50=21uM
1ol1,2.90,2003,CIR-NH2,H,500-505,ic50,=,21.0,uM,-4.6777807052660805,PDBBind,IC50=21uM
1ol2,2.60,2003,ARG-NH2,E,500-505,ic50,=,0.53,uM,-6.275724130399211,PDBBind,IC50=0.53uM
1ol2,2.60,2003,ARG-NH2,F,500-505,ic50,=,0.53,uM,-6.275724130399211,PDBBind,IC50=0.53uM
1om2,NMR,1999,GLY-ALA,B,1-11,kd,=,20.0,uM,-4.698970004336019,PDBBind,Kd=20uM
1opi,NMR,2003,PRO-ASP,B,13-25,kd,=,50.0,nM,-7.301029995663981,PDBBind,Kd=50nM
1oqp,NMR,2003,LYS-LYS,B,239-257,kd,=,50.0,nM,-7.301029995663981,PDBBind,Kd=50nM
1ox9,2.9,2003,ALA-ALA,I,1-8,kd,=,6.16,uM,-5.210419287835575,PDBBind,Kd=6.16uM
1ox9,2.9,2003,ALA-ALA,J,1-8,kd,=,6.16,uM,-5.210419287835575,PDBBind,Kd=6.16uM
1ox9,2.9,2003,ALA-ALA,K,1-8,kd,=,6.16,uM,-5.210419287835575,PDBBind,Kd=6.16uM
1ox9,2.9,2003,ALA-ALA,L,1-8,kd,=,6.16,uM,-5.210419287835575,PDBBind,Kd=6.16uM
1ox9,2.9,2003,ALA-ALA,M,1-8,kd,=,6.16,uM,-5.210419287835575,PDBBind,Kd=6.16uM
1ox9,2.9,2003,ALA-ALA,N,1-8,kd,=,6.16,uM,-5.210419287835575,PDBBind,Kd=6.16uM
1ox9,2.9,2003,ALA-ALA,O,1-8,kd,=,6.16,uM,-5.210419287835575,PDBBind,Kd=6.16uM
1ox9,2.9,2003,ALA-ALA,P,1-8,kd,=,6.16,uM,-5.210419287835575,PDBBind,Kd=6.16uM
1pip,1.7,1992,ZKO-NIT,B,400-219,ki,<,10.0,uM,-5.0,PDBBind,Ki<10uM
1prl,NMR,1994,ALA-ARG,A,71-79,kd,=,59.0,uM,-4.229147988357855,PDBBind,Kd=59uM
1prm,NMR,1994,ALA-ARG,A,71-79,kd,=,59.0,uM,-4.229147988357855,PDBBind,Kd=59uM
1pz5,1.80,2003,MET-ALA,C,1-8,kd,=,4.0,uM,-5.3979400086720375,PDBBind,Kd=4uM
1q5l,NMR,2003,ASN-GLY,B,901-907,kd,=,600.0,uM,-3.2218487496163566,PDBBind,Kd=600uM
1qka,1.8,1999,LYS-LYS,B,1-3,kd,=,1200.0,nM,-5.920818753952375,PDBBind,Kd=1200nM
1qkb,1.80,1999,LYS-LYS,B,1-3,kd,=,45.0,nM,-7.346787486224656,PDBBind,Kd=45nM
1qng,2.1,1999,DAL-ALA,D,201-211,kd,=,13.0,nM,-7.886056647693163,PDBBind,Kd=13nM
1qnh,2.1,1999,DAL-ALA,C,201-211,kd,=,872.0,nM,-6.059483515067432,PDBBind,Kd=872nM
1qnh,2.1,1999,DAL-ALA,D,201-211,kd,=,872.0,nM,-6.059483515067432,PDBBind,Kd=872nM
1qr3,1.6,1999,ALQ-VAL,I,1-8,ic50,=,0.26,uM,-6.585026652029182,PDBBind,IC50=0.26uM
1qwe,NMR,1995,ALA-LEU,B,71-82,kd,=,1.2,uM,-5.920818753952375,PDBBind,Kd=1.2uM
1qwf,NMR,1995,VAL-PRO,B,71-82,kd,=,0.45,uM,-6.346787486224656,PDBBind,Kd=0.45uM
1r5v,2.5,2003,ALA-PHE,E,2-14,kd,=,33.0,uM,-4.481486060122112,PDBBind,Kd=33uM
1r5v,2.5,2003,ALA-PHE,F,2-14,kd,=,33.0,uM,-4.481486060122112,PDBBind,Kd=33uM
1r5w,2.9,2003,ALA-PHE,E,2-14,kd,=,2.9,uM,-5.537602002101044,PDBBind,Kd=2.9uM
1r5w,2.9,2003,ALA-PHE,F,2-14,kd,=,2.9,uM,-5.537602002101044,PDBBind,Kd=2.9uM
1rlp,NMR,1994,ARG-TYR,R,71-79,kd,=,8.0,uM,-5.096910013008056,PDBBind,Kd=8.0uM
1rlq,NMR,1994,ARG-TYR,R,71-79,kd,=,8.0,uM,-5.096910013008056,PDBBind,Kd=8.0uM
1rst,1.7,1995,ALA-GLY,P,1-9,kd,=,37.0,uM,-4.431798275933005,PDBBind,Kd=37uM
1rzx,2.1,2003,ACE-VAL,B,1-7,kd,=,80.0,uM,-4.096910013008056,PDBBind,Kd=80uM
1s3k,1.90,2004,NDG-FUC,A,1-4,kd,=,0.24,uM,-6.619788758288394,PDBBind,Kd=0.24uM
1s5q,NMR,2004,ARG-ARG,A,6-21,kd,=,5.2,uM,-5.2839966563652006,PDBBind,Kd=5.2uM
1sfi,1.65,1998,GLY-ASP,I,1-14,ki,=,0.1,nM,-10.0,PDBBind,Ki=0.1nM
1shc,NMR,1996,HIS-ALA,B,483-494,kd,=,53.0,nM,-7.275724130399211,PDBBind,Kd=53nM
1sjh,2.25,2004,PRO-GLY,C,34-46,kd,=,9.0,nM,-8.045757490560675,PDBBind,Kd=9nM
1sme,2.70,1996,IVA-STA,C,347-352,ki,=,6.0,pM,-11.221848749616356,PDBBind,Ki=6pM
1sme,2.70,1996,IVA-STA,D,347-352,ki,=,6.0,pM,-11.221848749616356,PDBBind,Ki=6pM
1t08,2.10,2004,ASP-ASP,C,1484-1498,kd,=,3.1,uM,-5.508638306165727,PDBBind,Kd=3.1uM
1thr,2.3,1993,SER-GLN,I,50-62,ic50,=,4.2,uM,-5.376750709602099,PDBBind,IC50=4.2uM
1tze,2.1,1996,LYS-NH2,I,1-8,ic50,=,0.148,uM,-6.8297382846050425,PDBBind,IC50=0.148uM
1u9l,1.90,2004,ASN-LEU,C,34-40,kd,=,9.6,uM,-5.017728766960431,PDBBind,Kd=9.6uM
1vwf,1.92,1997,ACE-NH2,P,0-9,kd,=,310.0,nM,-6.508638306165727,PDBBind,Kd=310nM
1vyj,2.8,2004,SER-LYS,B,1-16,kd,=,100.0,nM,-7.0,PDBBind,Kd=100nM
1vyj,2.8,2004,SER-LYS,D,1-16,kd,=,100.0,nM,-7.0,PDBBind,Kd=100nM
1vyj,2.8,2004,SER-LYS,F,1-16,kd,=,100.0,nM,-7.0,PDBBind,Kd=100nM
1vyj,2.8,2004,SER-LYS,H,1-16,kd,=,100.0,nM,-7.0,PDBBind,Kd=100nM
1vyj,2.8,2004,SER-LYS,J,1-16,kd,=,100.0,nM,-7.0,PDBBind,Kd=100nM
1vyj,2.8,2004,SER-LYS,L,1-16,kd,=,100.0,nM,-7.0,PDBBind,Kd=100nM
1w9u,1.85,2004,0AR-UN1,C,1434-1438,kd,=,0.81,uM,-6.091514981121351,PDBBind,Kd=0.81uM
1w9u,1.85,2004,0AR-UN1,D,1434-1438,kd,=,0.81,uM,-6.091514981121351,PDBBind,Kd=0.81uM
1w9v,2.00,2004,VR0-DAL,C,1434-1438,kd,=,0.46,uM,-6.337242168318426,PDBBind,Kd=0.46uM
1w9v,2.00,2004,VR0-DAL,D,1434-1438,kd,=,0.46,uM,-6.337242168318426,PDBBind,Kd=0.46uM
1waw,1.75,2004,0AR-UN1,B,1392-1396,ic50,=,0.013,uM,-7.886056647693163,PDBBind,IC50=0.013uM
1wb0,1.65,2004,VR0-DAL,B,1388-1392,ic50,=,4.5,uM,-5.346787486224656,PDBBind,IC50=4.5uM
1x7q,1.45,2004,LYS-LYS,C,1-9,ic50,=,186.0,nM,-6.730487055782083,PDBBind,IC50=186nM
1xh3,1.48,2004,LEU-TYR,C,1-14,ic50,=,3.1,uM,-5.508638306165727,PDBBind,IC50=3.1uM
1xr8,2.300,2004,LEU-TYR,C,1-9,kd,=,200.0,nM,-6.698970004336019,PDBBind,Kd=200nM
1xr9,1.788,2004,ILE-TYR,C,1-9,kd,=,70.0,nM,-7.154901959985743,PDBBind,Kd=70nM
1y2a,2.20,2004,GLY-ILE,P,1-10,kd,=,45.8,nM,-7.339134521996131,PDBBind,Kd=45.8nM
1y98,2.50,2004,PRO-THR,B,1-12,kd,=,3.7,uM,-5.431798275933005,PDBBind,Kd=3.7uM
1ym2,2.05,2005,ACE-LYT,X,1-6,ic50,=,0.01,uM,-8.0,PDBBind,IC50=0.01uM
1ym2,2.05,2005,ACE-LYT,Y,1-6,ic50,=,0.01,uM,-8.0,PDBBind,IC50=0.01uM
1ym2,2.05,2005,ACE-LYT,Z,1-6,ic50,=,0.01,uM,-8.0,PDBBind,IC50=0.01uM
1ym4,2.25,2005,GLU-ALA,X,1-5,ic50,=,0.039,uM,-7.4089353929735005,PDBBind,IC50=0.039uM
1ym4,2.25,2005,GLU-ALA,Y,1-5,ic50,=,0.039,uM,-7.4089353929735005,PDBBind,IC50=0.039uM
1ym4,2.25,2005,GLU-ALA,Z,1-5,ic50,=,0.039,uM,-7.4089353929735005,PDBBind,IC50=0.039uM
1ywh,2.70,2005,LYS-LYS,B,501-513,kd,=,16.4,nM,-7.785156151952302,PDBBind,Kd=16.4nM
1ywh,2.70,2005,LYS-LYS,D,501-513,kd,=,16.4,nM,-7.785156151952302,PDBBind,Kd=16.4nM
1ywh,2.70,2005,LYS-LYS,F,501-513,kd,=,16.4,nM,-7.785156151952302,PDBBind,Kd=16.4nM
1ywh,2.70,2005,LYS-LYS,H,501-513,kd,=,16.4,nM,-7.785156151952302,PDBBind,Kd=16.4nM
1ywh,2.70,2005,LYS-LYS,J,501-513,kd,=,16.4,nM,-7.785156151952302,PDBBind,Kd=16.4nM
1ywh,2.70,2005,LYS-LYS,L,501-513,kd,=,16.4,nM,-7.785156151952302,PDBBind,Kd=16.4nM
1ywh,2.70,2005,LYS-LYS,N,501-513,kd,=,16.4,nM,-7.785156151952302,PDBBind,Kd=16.4nM
1ywh,2.70,2005,LYS-LYS,P,501-513,kd,=,16.4,nM,-7.785156151952302,PDBBind,Kd=16.4nM
1zea,1.78,2005,DVA-DSN,A,1-9,kd,=,6.0,uM,-5.221848749616356,PDBBind,Kd=6uM
1zh7,2.50,2005,SER-SER,C,16-26,ic50,=,0.5,uM,-6.301029995663981,PDBBind,IC50=0.5uM
1zh7,2.50,2005,SER-SER,D,16-26,ic50,=,0.5,uM,-6.301029995663981,PDBBind,IC50=0.5uM
1zhk,1.6,2005,LEU-TYR,C,1-13,kd,=,35.2,uM,-4.453457336521869,PDBBind,Kd=35.2uM
1zhl,1.500,2005,LEU-TYR,C,1-13,kd,=,9.9,uM,-5.00436480540245,PDBBind,Kd=9.9uM
1zm6,2.60,2005,LEU-SER,P,1-5,kd,=,45.0,uM,-4.346787486224656,PDBBind,Kd=45uM
2a0t,NMR,2005,ASN-SER,B,165-174,kd,=,15.0,uM,-4.823908740944319,PDBBind,Kd=15uM
2a3i,1.95,2005,GLN-GLU,B,1430-1441,ic50,=,0.9,uM,-6.045757490560675,PDBBind,IC50=0.9uM
2axi,1.40,2005,PRO-DPR,B,20-29,ic50,=,0.14,uM,-6.853871964321762,PDBBind,IC50=0.14uM
2bj4,2.00,2005,LEU-ALA,C,1-11,kd,=,34.0,uM,-4.468521082957745,PDBBind,Kd=34uM
2bj4,2.00,2005,LEU-ALA,D,1-11,kd,=,34.0,uM,-4.468521082957745,PDBBind,Kd=34uM
2bz8,2.00,2005,PRO-ARG,C,902-912,kd,=,2.5,uM,-5.6020599913279625,PDBBind,Kd=2.5uM
2c2l,3.30,2005,ASP-ASP,E,501-509,kd,=,2.8,uM,-5.552841968657781,PDBBind,Kd=2.8uM
2c2l,3.30,2005,ASP-ASP,F,501-509,kd,=,2.8,uM,-5.552841968657781,PDBBind,Kd=2.8uM
2c2l,3.30,2005,ASP-ASP,G,501-509,kd,=,2.8,uM,-5.552841968657781,PDBBind,Kd=2.8uM
2c2l,3.30,2005,ASP-ASP,H,501-509,kd,=,2.8,uM,-5.552841968657781,PDBBind,Kd=2.8uM
2clv,1.90,2006,SER-LEU,C,1-8,kd,=,13.2,nM,-7.87942606879415,PDBBind,Kd=13.2nM
2clv,1.90,2006,SER-LEU,M,1-8,kd,=,13.2,nM,-7.87942606879415,PDBBind,Kd=13.2nM
2cv3,1.9,2005,THR-ASP,B,256-266,ic50,=,0.27,uM,-6.568636235841012,PDBBind,IC50=0.27uM
2er6,2.0,1990,PRO-GLU,I,1-6,ki,=,60.0,nM,-7.221848749616356,PDBBind,Ki=60nM
2fo4,2.70,2006,SER-LEU,P,1-8,kd,=,60.0,nM,-7.221848749616356,PDBBind,Kd=60nM
2fx7,1.76,2006,ASN-LYS,P,671-686,kd,=,20.0,nM,-7.698970004336019,PDBBind,Kd=20nM
2fx8,2.2,2006,ASN-ARG,P,671-682,kd,=,302.0,nM,-6.51999305704285,PDBBind,Kd=302nM
2fx8,2.2,2006,ASN-ARG,Q,671-682,kd,=,302.0,nM,-6.51999305704285,PDBBind,Kd=302nM
2fx8,2.2,2006,ASN-ARG,R,671-682,kd,=,302.0,nM,-6.51999305704285,PDBBind,Kd=302nM
2fx8,2.2,2006,ASN-ARG,S,671-682,kd,=,302.0,nM,-6.51999305704285,PDBBind,Kd=302nM
2gv2,1.80,2006,ACE-LEU,B,1-9,ic50,=,5.0,nM,-8.301029995663981,PDBBind,IC50=5nM
2h6t,1.900,2006,IVA-STA,B,1-6,ki,=,60.0,nM,-7.221848749616356,PDBBind,Ki=60nM
2hug,NMR,2006,ALA-SER,B,1-14,kd,=,1.06,uM,-5.97469413473523,PDBBind,Kd=1.06uM
2i3h,1.62,2006,ALA-TRP,C,1-4,ki,=,0.04,uM,-7.397940008672037,PDBBind,Ki=0.04uM
2i3h,1.62,2006,ALA-TRP,D,1-4,ki,=,0.04,uM,-7.397940008672037,PDBBind,Ki=0.04uM
2j9a,1.73,2006,ALA-AHY,D,2-1,ic50,=,1.3,uM,-5.886056647693163,PDBBind,IC50=1.3uM
2jo9,NMR,2007,GLU-ASP,B,101-109,kd,=,52.1,uM,-4.283162276700476,PDBBind,Kd=52.1uM
2joa,NMR,2007,ASP-VAL,B,1-7,kd,=,1.1,uM,-5.958607314841775,PDBBind,Kd=1.1uM
2jqi,NMR,2007,ASN-THR,B,3-12,kd,=,10.0,uM,-5.0,PDBBind,Kd=10uM
2jql,NMR,2007,ASN-THR,B,3-12,kd,=,0.3,uM,-6.522878745280337,PDBBind,Kd=0.3uM
2jup,NMR,2007,GLY-PRO,P,101-109,kd,=,156.0,uM,-3.8068754016455375,PDBBind,Kd=156uM
2k00,NMR,2008,GLY-TYR,B,367-381,kd,=,24.0,uM,-4.619788758288394,PDBBind,Kd=24uM
2k2r,NMR,2008,ASP-GLU,B,1-10,kd,=,1.3,mM,-2.886056647693163,PDBBind,Kd=1.3mM
2k7l,NMR,2008,GLU-VAL,B,582-600,kd,=,0.7,uM,-6.154901959985743,PDBBind,Kd=0.7uM
2kbr,NMR,2008,ASP-LYS,B,100-117,kd,=,25.4,uM,-4.5951662833800615,PDBBind,Kd=25.4uM
2kbs,NMR,2008,THR-LEU,B,111-118,kd,=,10.0,uM,-5.0,PDBBind,Kd=10uM
2ke1,NMR,2009,ALA-SER,B,1-10,kd,=,5.0,uM,-5.301029995663981,PDBBind,Kd=5uM
2kff,NMR,2009,PHE-LYS,B,143-154,kd,=,245.0,uM,-3.6108339156354674,PDBBind,Kd=245uM
2kfg,NMR,2009,PHE-LYS,B,143-154,kd,=,1.2,mM,-2.920818753952376,PDBBind,Kd=1.2mM
2kfh,NMR,2009,PHE-LYS,B,143-154,kd,=,2.4,mM,-2.619788758288394,PDBBind,Kd=2.4mM
2khh,NMR,2009,ASP-LYS,B,1-9,kd,=,276.0,nM,-6.559090917934782,PDBBind,Kd=276nM
2koh,NMR,2009,MET-ILE,B,769-784,kd,=,6.0,uM,-5.221848749616356,PDBBind,Kd=6uM
2kpl,NMR,2009,ARG-VAL,B,151-161,kd,=,0.23,uM,-6.638272163982407,PDBBind,Kd=0.23uM
2krd,NMR,2009,ARG-LYS,I,147-163,kd,=,2000.0,uM,-2.6989700043360187,PDBBind,Kd=2000uM
2ks9,NMR,2009,ARG-MET,B,365-375,ki,=,9.02,mM,-2.0447934624580584,PDBBind,Ki=9.02mM
2ksa,NMR,2009,ARG-MET,B,365-375,ki,=,871.0,uM,-3.0599818449923366,PDBBind,Ki=871uM
2ksb,NMR,2009,ARG-MET,B,365-375,ki,=,754.0,uM,-3.122628654130226,PDBBind,Ki=754uM
2ksp,NMR,2010,LEU-ASP,B,143-157,kd,=,57.0,uM,-4.2441251443275085,PDBBind,Kd=57uM
2kvm,NMR,2010,ALA-PRO,B,15-30,kd,=,108.4,uM,-3.964970717797632,PDBBind,Kd=108.4uM
2kwn,NMR,2010,GLY-ARG,B,9-23,kd,=,7.4,uM,-5.130768280269024,PDBBind,Kd=7.4uM
2kzu,NMR,2010,GLY-TRP,B,22-39,kd,=,60.0,uM,-4.221848749616356,PDBBind,Kd=60uM
2l11,NMR,2010,ALA-ALA,B,1-15,kd,=,15.0,uM,-4.823908740944319,PDBBind,Kd=15uM
2l12,NMR,2010,ALA-ALA,B,1-15,kd,=,55.0,uM,-4.259637310505756,PDBBind,Kd=55uM
2l1b,NMR,2010,GLN-GLY,B,19-33,kd,=,110.0,uM,-3.958607314841775,PDBBind,Kd=110uM
2l3r,NMR,2010,ALA-THR,B,1-11,kd,=,22.0,uM,-4.657577319177793,PDBBind,Kd=22uM
2l6e,NMR,2010,ILE-LYS,B,1-14,kd,=,1.0,uM,-6.0,PDBBind,Kd=1uM
2l6j,NMR,2010,MET-ASP,B,-4-0,kd,=,0.55,uM,-6.259637310505756,PDBBind,Kd=0.55uM
2las,NMR,2011,ASP-LYS,B,2705-2717,kd,~,1.8,uM,-5.7447274948966935,PDBBind,Kd~1.8uM
2lbm,NMR,2011,ALA-ALA,C,1-15,kd,=,0.27,uM,-6.568636235841012,PDBBind,Kd=0.27uM
2lgf,NMR,2011,ALA-LYS,B,349-363,kd,=,2.7,uM,-5.568636235841012,PDBBind,Kd=2.7uM
2ll6,NMR,2011,LEU-LYS,B,149-165,kd,<,0.1,nM,-10.0,PDBBind,Kd<0.1nM
2ll7,NMR,2011,LYS-LEU,B,149-165,kd,=,1.6,nM,-8.795880017344075,PDBBind,Kd=1.6nM
2llo,NMR,2011,ARG-SER,B,287-305,kd,=,1.5,uM,-5.823908740944319,PDBBind,Kd=1.5uM
2lnw,NMR,2012,GLU-GLY,B,1404-1412,kd,=,1.4,uM,-5.853871964321762,PDBBind,Kd=1.40uM
2lo6,NMR,2012,TYR-SER,B,155-168,kd,=,113.0,uM,-3.94692155651658,PDBBind,Kd=113uM
2loz,NMR,2012,GLU-ASN,B,367-380,kd,=,86.5,uM,-4.062983892535186,PDBBind,Kd=86.5uM
2lsk,NMR,2012,GLN-LEU,B,524-539,kd,=,13.0,uM,-4.886056647693163,PDBBind,Kd=13uM
2lsp,NMR,2012,ARG-SER,A,1-13,ki,=,274.0,uM,-3.562249437179612,PDBBind,Ki=274uM
2lsr,NMR,2012,GLY-LYS,B,98-113,kd,=,5.7,uM,-5.2441251443275085,PDBBind,Kd=5.7uM
2lsv,NMR,2012,ALA-ASP,B,701-709,kd,=,5.41,uM,-5.266802734893431,PDBBind,Kd=5.41uM
2lto,NMR,2012,TYR-PRO,B,611-623,kd,=,770.0,uM,-3.113509274827518,PDBBind,Kd=770uM
2ltv,NMR,2012,SER-ASP,B,206-217,kd,=,6.9,uM,-5.161150909262744,PDBBind,Kd=6.9uM
2ltw,NMR,2012,GLY-ASP,B,204-217,kd,=,59.8,uM,-4.223298816011589,PDBBind,Kd=59.8uM
2ltx,NMR,2012,GLU-ASP,B,203-217,kd,=,4.1,uM,-5.3872161432802645,PDBBind,Kd=4.1uM
2lty,NMR,2012,GLU-ASP,B,203-217,kd,=,4.2,uM,-5.376750709602099,PDBBind,Kd=4.2uM
2ltz,NMR,2012,GLU-ASP,B,203-217,kd,=,4.5,uM,-5.346787486224656,PDBBind,Kd=4.5uM
2lyw,NMR,2012,PCA-LEU,B,1-13,kd,=,30.0,uM,-4.522878745280337,PDBBind,Kd=30.0uM
2m0u,NMR,2012,GLN-LEU,B,1-5,kd,=,365.0,nM,-6.437707135543525,PDBBind,Kd=365nM
2m0v,NMR,2012,GLN-LEU,B,1-5,kd,=,1079.0,nM,-5.966978555317089,PDBBind,Kd=1079nM
2m3m,NMR,2013,PCA-VAL,B,141-151,kd,=,9.63,uM,-5.016373712875465,PDBBind,Kd=9.63uM
2m41,NMR,2013,VAL-GLN,A,34-48,kd,=,8.0,uM,-5.096910013008056,PDBBind,Kd=8uM
2mc1,NMR,2013,ASP-GLU,B,338-350,kd,=,71.0,uM,-4.1487416512809245,PDBBind,Kd=71uM
2mnz,NMR,2014,ALA-SER,B,363-372,kd,=,6.4,uM,-5.1938200260161125,PDBBind,Kd=6.4uM
2mpm,NMR,2014,VAL-LEU,B,208-223,kd,=,1.3,uM,-5.886056647693163,PDBBind,Kd=1.3uM
2mps,NMR,2014,ASP-ASP,B,301-316,kd,=,3.9,uM,-5.4089353929735005,PDBBind,Kd=3.9uM
2ms4,NMR,2014,PRO-PRO,B,216-224,kd,=,15.0,uM,-4.823908740944319,PDBBind,Kd=15uM
2mwo,NMR,2014,ARG-THR,B,363-377,kd,=,20.0,uM,-4.698970004336019,PDBBind,Kd=20uM
2mwp,NMR,2014,SER-THR,B,376-387,kd,=,0.9,uM,-6.045757490560675,PDBBind,Kd=0.9uM
2n1g,NMR,2015,LYS-LYS,B,231-246,kd,=,2.3,uM,-5.638272163982407,PDBBind,Kd=2.3uM
2n8t,NMR,2015,ALA-VAL,B,40-53,kd,=,0.43,mM,-3.3665315444204134,PDBBind,Kd=0.43mM
2n9e,NMR,2015,ACE-NH2,A,36-50,kd,=,9.0,uM,-5.045757490560675,PDBBind,Kd=9uM
2n9x,NMR,2015,ASP-TYR,B,10-26,kd,=,0.4,uM,-6.3979400086720375,PDBBind,Kd=0.4uM
2ncz,NMR,2016,GLU-ASN,B,201-212,kd,=,140.5,uM,-3.852323675758901,PDBBind,Kd=140.5uM
2nd0,NMR,2016,ASN-GLY,B,199-217,kd,=,635.0,uM,-3.1972262747080245,PDBBind,Kd=635uM
2ndf,NMR,2016,GLY-ALA,B,212-224,kd,=,59.5,uM,-4.22548303427145,PDBBind,Kd=59.5uM
2ndg,NMR,2016,GLY-ALA,B,212-224,kd,=,19.4,uM,-4.7121982700697735,PDBBind,Kd=19.4uM
2nm1,2.15,2006,GLU-LYS,B,44-60,kd,=,34.0,nM,-7.468521082957745,PDBBind,Kd=34nM
2nmb,NMR,1998,ALA-LEU,B,1-7,kd,=,0.53,uM,-6.275724130399211,PDBBind,Kd=0.53uM
2oi3,NMR,2007,ACE-NH2,B,87-100,kd,=,0.23,uM,-6.638272163982407,PDBBind,Kd=0.23uM
2olb,1.4,1995,LYS-LYS,B,1-3,kd,=,2900.0,nM,-5.537602002101044,PDBBind,Kd=2900nM
2oqs,NMR,2007,ARG-VAL,B,301-306,kd,=,1.3,uM,-5.886056647693163,PDBBind,Kd=1.3uM
2or9,2.7,2007,GLU-ASN,P,1-11,kd,=,0.5,uM,-6.301029995663981,PDBBind,Kd=0.5uM
2ovq,2.60,2007,LEU-GLY,C,374-385,kd,=,70.0,nM,-7.154901959985743,PDBBind,Kd=70nM
2pcu,1.600,2007,PHE-VAL,B,1-5,ic50,=,910.0,uM,-3.0409586076789066,PDBBind,IC50=910uM
2pr9,2.510,2007,ASP-ASP,P,1-10,kd,=,42.2,nM,-7.374687549038326,PDBBind,Kd=42.2nM
2puy,1.43,2007,ALA-SER,E,1-10,kd,=,30.0,uM,-4.522878745280337,PDBBind,Kd=30uM
2pv1,1.300,2007,TRP-VAL,B,1-7,kd,=,73.0,nM,-7.136677139879544,PDBBind,Kd=73nM
2pv2,1.300,2007,ASN-LYS,E,1-12,kd,=,1.23,uM,-5.910094888560602,PDBBind,Kd=1.23uM
2pv2,1.300,2007,ASN-LYS,F,1-12,kd,=,1.23,uM,-5.910094888560602,PDBBind,Kd=1.23uM
2qbw,1.80,2007,PRO-VAL,B,6-13,kd,=,56.0,nM,-7.251811972993799,PDBBind,Kd=56nM
2qhr,2.00,2007,VAL-ASP,P,404-414,kd,=,41.0,nM,-7.387216143280264,PDBBind,Kd=41nM
2qzx,2.500,2007,IVA-STA,C,2001-2006,ic50,=,6.0,nM,-8.221848749616356,PDBBind,IC50=6nM
2qzx,2.500,2007,IVA-STA,D,2001-2006,ic50,=,6.0,nM,-8.221848749616356,PDBBind,IC50=6nM
2r0z,2.096,2007,ALA-ASP,Q,2-7,kd,=,3.4,uM,-5.468521082957745,PDBBind,Kd=3.4uM
2r5d,1.660,2007,ACE-NH2,H,0-16,kd,=,0.07,nM,-10.154901959985745,PDBBind,Kd=0.07nM
2r5d,1.660,2007,ACE-NH2,K,0-16,kd,=,0.07,nM,-10.154901959985745,PDBBind,Kd=0.07nM
2r5d,1.660,2007,ACE-NH2,L,0-16,kd,=,0.07,nM,-10.154901959985745,PDBBind,Kd=0.07nM
2r9b,2.800,2007,LYS-PHE,C,901-908,ki,=,271.0,nM,-6.567030709125595,PDBBind,Ki=271nM
2r9b,2.800,2007,LYS-PHE,D,901-908,ki,=,271.0,nM,-6.567030709125595,PDBBind,Ki=271nM
2rly,NMR,2007,PRO-PRO,P,103-110,kd,=,270.0,uM,-3.5686362358410126,PDBBind,Kd=270uM
2rm0,NMR,2007,PRO-PRO,P,101-109,kd,=,94.0,uM,-4.026872146400302,PDBBind,Kd=94uM
2rnw,NMR,2008,ALA-ALA,B,1-15,kd,=,1051.0,uM,-2.978397283971758,PDBBind,Kd=1051uM
2rnx,NMR,2008,SER-CYS,B,31-43,kd,=,402.0,uM,-3.39577394691553,PDBBind,Kd=402uM
2rny,NMR,2008,GLY-GLN,B,13-27,kd,=,218.0,uM,-3.6615435063953954,PDBBind,Kd=218uM
2rqu,NMR,2009,CYS-GLN,B,1578-1596,kd,=,23.6,uM,-4.627087997029893,PDBBind,Kd=23.6uM
2rr4,NMR,2010,ALA-SER,B,1-10,kd,=,16.7,uM,-4.777283528852417,PDBBind,Kd=16.7uM
2rt5,NMR,2013,TYR-GLU,B,2518-2525,kd,=,0.19,uM,-6.721246399047171,PDBBind,Kd=0.19uM
2w85,NMR,2009,SER-SER,B,101-112,kd,=,9.17,uM,-5.037630664329979,PDBBind,Kd=9.17uM
2wfj,0.75,2009,DAL-ALA,B,1-11,kd,=,70.0,nM,-7.154901959985743,PDBBind,Kd=70nM
2x2c,2.41,2010,DAL-ALA,B,1-11,kd,=,19.0,nM,-7.721246399047171,PDBBind,Kd=19nM
2x2c,2.41,2010,DAL-ALA,F,1-11,kd,=,19.0,nM,-7.721246399047171,PDBBind,Kd=19nM
2x2c,2.41,2010,DAL-ALA,L,1-11,kd,=,19.0,nM,-7.721246399047171,PDBBind,Kd=19nM
2x2c,2.41,2010,DAL-ALA,P,1-11,kd,=,19.0,nM,-7.721246399047171,PDBBind,Kd=19nM
2x2c,2.41,2010,DAL-ALA,R,1-11,kd,=,19.0,nM,-7.721246399047171,PDBBind,Kd=19nM
2x4o,2.30,2010,LYS-LEU,C,1-9,ic50,=,17.0,uM,-4.769551078621726,PDBBind,IC50=17uM
2x4o,2.30,2010,LYS-LEU,F,1-9,ic50,=,17.0,uM,-4.769551078621726,PDBBind,IC50=17uM
2x4r,2.30,2010,ASN-VAL,C,1-9,ic50,=,17.0,uM,-4.769551078621726,PDBBind,IC50=17uM
2x4r,2.30,2010,ASN-VAL,F,1-9,ic50,=,17.0,uM,-4.769551078621726,PDBBind,IC50=17uM
2x4s,2.550,2010,ALA-LEU,C,1-9,ic50,=,63.0,uM,-4.200659450546418,PDBBind,IC50=63uM
2x4s,2.550,2010,ALA-LEU,F,1-9,ic50,=,63.0,uM,-4.200659450546418,PDBBind,IC50=63uM
2x4u,2.10,2010,ILE-VAL,C,1-9,ic50,=,48.0,uM,-4.318758762624412,PDBBind,IC50=48uM
2x4u,2.10,2010,ILE-VAL,F,1-9,ic50,=,48.0,uM,-4.318758762624412,PDBBind,IC50=48uM
2ynn,1.782,2012,CYS-ASN,P,1-8,kd,=,6.8,uM,-5.167491087293763,PDBBind,Kd=6.8uM
2z6w,0.96,2007,DAL-ALA,M,1-11,kd,=,13.4,nM,-7.872895201635192,PDBBind,Kd=13.4nM
2z6w,0.96,2007,DAL-ALA,N,1-11,kd,=,13.4,nM,-7.872895201635192,PDBBind,Kd=13.4nM
2zlf,2.59,2008,PHE-PHE,B,1-7,ic50,=,31.0,uM,-4.508638306165727,PDBBind,IC50=31uM
3agm,2.00,2010,69P-NH2,B,1-9,ki,=,0.82,nM,-9.086186147616283,PDBBind,Ki=0.82nM
3ah8,2.9,2010,ACE-MAA,Y,1-9,ic50,=,0.15,nM,-9.82390874094432,PDBBind,IC50=0.15nM
3atw,2.36,2011,ACE-HSV,C,1-5,ic50,=,98.0,nM,-7.008773924307505,PDBBind,IC50=98nM
3atw,2.36,2011,ACE-HSV,D,1-5,ic50,=,98.0,nM,-7.008773924307505,PDBBind,IC50=98nM
3av9,1.7000,2011,SER-ASP,X,1-8,ic50,=,435.0,uM,-3.3615107430453626,PDBBind,IC50=435uM
3av9,1.7000,2011,SER-ASP,Y,1-8,ic50,=,435.0,uM,-3.3615107430453626,PDBBind,IC50=435uM
3ava,1.7000,2011,ALA-ASP,X,1-8,ic50,=,39.7,uM,-4.401209493236885,PDBBind,IC50=39.7uM
3ava,1.7000,2011,ALA-ASP,Y,1-8,ic50,=,39.7,uM,-4.401209493236885,PDBBind,IC50=39.7uM
3avb,1.8500,2011,SER-ASP,X,1-8,ic50,=,85.2,uM,-4.0695604052333,PDBBind,IC50=85.2uM
3avb,1.8500,2011,SER-ASP,Y,1-8,ic50,=,85.2,uM,-4.0695604052333,PDBBind,IC50=85.2uM
3avi,1.7000,2011,SER-ASP,D,1-8,ic50,>,500.0,uM,-3.3010299956639813,PDBBind,IC50>500uM
3avi,1.7000,2011,SER-ASP,F,1-8,ic50,>,500.0,uM,-3.3010299956639813,PDBBind,IC50>500uM
3avj,1.7000,2011,ALA-ASP,D,1-8,ic50,>,500.0,uM,-3.3010299956639813,PDBBind,IC50>500uM
3avj,1.7000,2011,ALA-ASP,F,1-8,ic50,>,500.0,uM,-3.3010299956639813,PDBBind,IC50>500uM
3avk,1.7500,2011,SER-ASP,D,1-8,ic50,>,500.0,uM,-3.3010299956639813,PDBBind,IC50>500uM
3avk,1.7500,2011,SER-ASP,F,1-8,ic50,>,500.0,uM,-3.3010299956639813,PDBBind,IC50>500uM
3avl,1.8800,2011,ALA-ASP,E,1-8,ic50,=,65.8,uM,-4.181774106386045,PDBBind,IC50=65.8uM
3avl,1.8800,2011,ALA-ASP,F,1-8,ic50,=,65.8,uM,-4.181774106386045,PDBBind,IC50=65.8uM
3avm,1.8800,2011,SER-ASP,D,1-8,ic50,>,500.0,uM,-3.3010299956639813,PDBBind,IC50>500uM
3avm,1.8800,2011,SER-ASP,F,1-8,ic50,>,500.0,uM,-3.3010299956639813,PDBBind,IC50>500uM
3avn,2.1000,2011,SER-ASP,G,1-8,ic50,>,500.0,uM,-3.3010299956639813,PDBBind,IC50>500uM
3avn,2.1000,2011,SER-ASP,H,1-8,ic50,>,500.0,uM,-3.3010299956639813,PDBBind,IC50>500uM
3avz,2.46,2011,ACE-HSV,B,1-6,ic50,=,65.0,nM,-7.187086643357144,PDBBind,IC50=65nM
3aw0,2.30,2011,ACE-HSV,B,1-6,ic50,=,5.7,uM,-5.2441251443275085,PDBBind,IC50=5.7uM
3bgm,1.600,2007,ARG-VAL,C,1-9,ic50,=,38.5,nM,-7.414539270491499,PDBBind,IC50=38.5nM
3bh8,1.650,2007,ARG-MET,C,1-10,ic50,=,11.2,nM,-7.950781977329818,PDBBind,IC50=11.2nM
3bh9,1.700,2007,ARG-VAL,C,1-10,ic50,=,116.9,nM,-6.93218548883816,PDBBind,IC50=116.9nM
3bhb,2.200,2007,LYS-LEU,C,1-10,ic50,=,3.4,nM,-8.468521082957745,PDBBind,IC50=3.4nM
3bl2,2.300,2007,THR-MET,C,106-124,kd,=,1580.0,nM,-5.801342913045577,PDBBind,Kd=1580nM
3bl2,2.300,2007,THR-MET,D,106-124,kd,=,1580.0,nM,-5.801342913045577,PDBBind,Kd=1580nM
3bv9,1.80,2008,DAR-NH2,C,401-406,ki,=,4.4,uM,-5.356547323513812,PDBBind,Ki=4.4uM
3bze,2.50,2008,VAL-LEU,P,1-9,kd,=,1.0,uM,-6.0,PDBBind,Kd=1uM
3bze,2.50,2008,VAL-LEU,Q,1-9,kd,=,1.0,uM,-6.0,PDBBind,Kd=1uM
3bze,2.50,2008,VAL-LEU,R,1-9,kd,=,1.0,uM,-6.0,PDBBind,Kd=1uM
3bze,2.50,2008,VAL-LEU,S,1-9,kd,=,1.0,uM,-6.0,PDBBind,Kd=1uM
3bzf,2.50,2008,VAL-LEU,P,1-9,kd,=,30.0,uM,-4.522878745280337,PDBBind,Kd=30uM
3bzf,2.50,2008,VAL-LEU,Q,1-9,kd,=,30.0,uM,-4.522878745280337,PDBBind,Kd=30uM
3c3o,2.15,2008,ASP-SER,B,210-222,kd,=,44.0,uM,-4.356547323513812,PDBBind,Kd=44uM
3c3q,2.10,2008,LYS-MET,B,207-224,kd,=,48.0,uM,-4.318758762624412,PDBBind,Kd=48uM
3c3r,2.02,2008,GLU-THR,B,221-233,kd,=,41.0,uM,-4.3872161432802645,PDBBind,Kd=41uM
3c88,1.60,2008,ARG-NH2,B,500-504,ki,=,157.0,nM,-6.804100347590767,PDBBind,Ki=157nM
3c89,1.58,2008,ARG-NH2,B,500-504,ki,=,845.0,nM,-6.073143291050307,PDBBind,Ki=845nM
3c8a,1.52,2008,ARG-NH2,B,500-504,ki,=,660.0,nM,-6.180456064458131,PDBBind,Ki=660nM
3c8b,1.47,2008,ARG-NH2,B,500-504,ki,=,786.0,nM,-6.104577453960593,PDBBind,Ki=786nM
3che,2.05,2008,ACE-ASP,C,439-442,ic50,=,5.1,uM,-5.292429823902063,PDBBind,IC50=5.1uM
3che,2.05,2008,ACE-ASP,D,439-442,ic50,=,5.1,uM,-5.292429823902063,PDBBind,IC50=5.1uM
3chf,1.95,2008,ACE-ASP,C,440-444,ic50,=,4.3,uM,-5.366531544420414,PDBBind,IC50=4.3uM
3chf,1.95,2008,ACE-ASP,D,440-444,ic50,=,4.3,uM,-5.366531544420414,PDBBind,IC50=4.3uM
3cii,4.41,2008,VAL-LEU,C,1-9,kd,=,0.8,uM,-6.096910013008056,PDBBind,Kd=0.8uM
3cii,4.41,2008,VAL-LEU,F,1-9,kd,=,0.8,uM,-6.096910013008056,PDBBind,Kd=0.8uM
3cyy,2.40,2008,ARG-ILE,C,1-9,kd,=,16.8,uM,-4.774690718274137,PDBBind,Kd=16.8uM
3cyy,2.40,2008,ARG-ILE,D,1-9,kd,=,16.8,uM,-4.774690718274137,PDBBind,Kd=16.8uM
3d25,1.30,2008,VAL-ALA,C,1-9,ic50,=,22.0,nM,-7.657577319177793,PDBBind,IC50=22nM
3d32,1.30,2008,ASP-NH2,C,1-13,kd,=,354.0,nM,-6.450996737974212,PDBBind,Kd=354nM
3d32,1.30,2008,ASP-NH2,D,1-13,kd,=,354.0,nM,-6.450996737974212,PDBBind,Kd=354nM
3dda,1.50,2008,GLN-NH2,B,197-203,ic50,=,133.0,uM,-3.876148359032914,PDBBind,IC50=133uM
3ddb,1.60,2008,ARG-NH2,B,197-203,ic50,=,95.0,uM,-4.022276394711152,PDBBind,IC50=95uM
3dpc,2.3,2008,HIS-ASP,C,1-10,kd,=,44.0,uM,-4.356547323513812,PDBBind,Kd=44uM
3ds0,1.60,2008,ILE-PRO,T,1-12,kd,=,14.9,uM,-4.826813731587726,PDBBind,Kd=14.9uM
3ds3,2.70,2008,ILE-PRO,C,1-12,kd,=,6.0,uM,-5.221848749616356,PDBBind,Kd=6.0uM
3ds3,2.70,2008,ILE-PRO,D,1-12,kd,=,6.0,uM,-5.221848749616356,PDBBind,Kd=6.0uM
3ds4,1.12,2008,ILE-PRO,T,1-12,kd,=,64.5,uM,-4.1904402853647325,PDBBind,Kd=64.5uM
3e1r,2.00,2008,GLN-TYR,C,797-809,kd,=,1.5,uM,-5.823908740944319,PDBBind,Kd=1.5uM
3eov,2.60,2008,DAL-ALA,C,1-11,kd,=,63.0,nM,-7.200659450546418,PDBBind,Kd=63nM
3eov,2.60,2008,DAL-ALA,D,1-11,kd,=,63.0,nM,-7.200659450546418,PDBBind,Kd=63nM
3eqy,1.63,2008,THR-PRO,C,1-12,kd,=,8.9,nM,-8.050609993355087,PDBBind,Kd=8.9nM
3eqy,1.63,2008,THR-PRO,D,1-12,kd,=,8.9,nM,-8.050609993355087,PDBBind,Kd=8.9nM
3er5,1.8,1991,PRO-LYS,I,1-10,ki,=,1.0,nM,-9.0,PDBBind,Ki=1nM
3fe7,1.350,2008,ACE-NH2,L,1-10,kd,=,75.0,nM,-7.1249387366083,PDBBind,Kd=75nM
3fea,1.330,2008,ACE-NH2,L,1-10,kd,=,36.0,nM,-7.443697499232712,PDBBind,Kd=36nM
3fea,1.330,2008,ACE-NH2,M,1-10,kd,=,36.0,nM,-7.443697499232712,PDBBind,Kd=36nM
3ft2,1.80,2009,VAL-ALA,P,1-9,ic50,=,44.0,nM,-7.356547323513812,PDBBind,IC50=44nM
3ft3,1.95,2009,VAL-ALA,P,1-9,ic50,=,44.0,nM,-7.356547323513812,PDBBind,IC50=44nM
3ft4,1.90,2009,VAL-ALA,P,1-9,ic50,=,1.17,uM,-5.931814138253839,PDBBind,IC50=1.17uM
3fv3,1.85,2009,IVA-STA,I,501-506,ki,=,0.3,nM,-9.522878745280336,PDBBind,Ki=0.3nM
3fv3,1.85,2009,IVA-STA,J,501-506,ki,=,0.3,nM,-9.522878745280336,PDBBind,Ki=0.3nM
3fv3,1.85,2009,IVA-STA,K,501-506,ki,=,0.3,nM,-9.522878745280336,PDBBind,Ki=0.3nM
3fv3,1.85,2009,IVA-STA,L,501-506,ki,=,0.3,nM,-9.522878745280336,PDBBind,Ki=0.3nM
3fv3,1.85,2009,IVA-STA,M,501-506,ki,=,0.3,nM,-9.522878745280336,PDBBind,Ki=0.3nM
3fv3,1.85,2009,IVA-STA,N,501-506,ki,=,0.3,nM,-9.522878745280336,PDBBind,Ki=0.3nM
3fv3,1.85,2009,IVA-STA,O,501-506,ki,=,0.3,nM,-9.522878745280336,PDBBind,Ki=0.3nM
3fv3,1.85,2009,IVA-STA,P,501-506,ki,=,0.3,nM,-9.522878745280336,PDBBind,Ki=0.3nM
3fvh,1.580,2009,ACE-NH2,B,1-7,kd,=,0.447,uM,-6.349692476868063,PDBBind,Kd=0.447uM
3fwv,2.200,2009,ACE-PHE,C,0-5,kd,=,2.3,uM,-5.638272163982407,PDBBind,Kd=2.3uM
3fwv,2.200,2009,ACE-PHE,D,0-5,kd,=,2.3,uM,-5.638272163982407,PDBBind,Kd=2.3uM
3g19,1.849,2009,LEU-LEU,C,1-3,kd,=,214.0,nM,-6.669586226650809,PDBBind,Kd=214nM
3gbq,NMR,1996,ACE-NH2,B,0-11,kd,=,3.5,uM,-5.455931955649724,PDBBind,Kd=3.5uM
3h1z,1.830,2009,TYR-HIS,P,1-15,kd,=,22.0,uM,-4.657577319177793,PDBBind,Kd=22uM
3h85,2.600,2009,SER-HIS,P,1-8,kd,=,6.0,uM,-5.221848749616356,PDBBind,Kd=6uM
3hg1,3.000,2009,GLU-VAL,C,1-10,kd,=,18.0,uM,-4.7447274948966935,PDBBind,Kd=18uM
3hik,1.77,2009,ACE-TPO,B,0-5,kd,=,0.445,uM,-6.351639989019068,PDBBind,Kd=0.445uM
3iqu,1.05,2009,GLN-THR,P,255-260,kd,=,17.0,uM,-4.769551078621726,PDBBind,Kd=17.0uM
3iqv,1.20,2009,GLN-THR,P,255-260,kd,=,6.6,uM,-5.180456064458132,PDBBind,Kd=6.6uM
3iwy,1.93,2009,DAS-DAR,B,1-12,kd,=,53.0,nM,-7.275724130399211,PDBBind,Kd=53nM
3iwy,1.93,2009,DAS-DAR,D,1-12,kd,=,53.0,nM,-7.275724130399211,PDBBind,Kd=53nM
3jzo,1.80,2009,LEU-SER,P,1-12,kd,=,3.0,nM,-8.522878745280337,PDBBind,Kd=3nM
3jzp,1.74,2009,LEU-SER,P,17-28,ic50,=,250.0,nM,-6.6020599913279625,PDBBind,IC50=250nM
3jzq,1.8,2009,GLU-SER,P,1-12,ic50,=,110.0,nM,-6.958607314841775,PDBBind,IC50=110nM
3jzq,1.8,2009,GLU-SER,Q,1-12,ic50,=,110.0,nM,-6.958607314841775,PDBBind,IC50=110nM
3jzr,2.1,2009,LEU-SER,P,17-28,ic50,=,36.0,nM,-7.443697499232712,PDBBind,IC50=36nM
3jzs,1.78,2009,GLU-SER,P,1-12,ic50,=,8.0,nM,-8.096910013008056,PDBBind,IC50=8nM
3k05,1.33,2009,SEP-NH2,C,139-143,ki,=,14.0,uM,-4.853871964321762,PDBBind,Ki=14uM
3k05,1.33,2009,SEP-NH2,D,139-143,ki,=,14.0,uM,-4.853871964321762,PDBBind,Ki=14uM
3k0h,2.700,2009,SEP-NH2,B,1-5,ki,=,25.0,uM,-4.6020599913279625,PDBBind,Ki=25uM
3k0k,2.700,2009,SEP-PHE,B,1-4,ki,=,3.7,uM,-5.431798275933005,PDBBind,Ki=3.7uM
3k15,2.800,2009,SEP-NH2,B,1-5,ki,=,12.0,uM,-4.920818753952375,PDBBind,Ki=12uM
3k16,3.000,2009,SEP-PHE,B,1-4,ki,=,1.6,uM,-5.795880017344075,PDBBind,Ki=1.6uM
3kd7,2.85,2009,ACE-ASP,G,0-5,kd,=,200.0,uM,-3.6989700043360183,PDBBind,Kd=200uM
3kd7,2.85,2009,ACE-ASP,H,0-5,kd,=,200.0,uM,-3.6989700043360183,PDBBind,Kd=200uM
3kd7,2.85,2009,ACE-ASP,I,0-5,kd,=,200.0,uM,-3.6989700043360183,PDBBind,Kd=200uM
3kd7,2.85,2009,ACE-ASP,J,0-5,kd,=,200.0,uM,-3.6989700043360183,PDBBind,Kd=200uM
3kd7,2.85,2009,ACE-ASP,K,0-5,kd,=,200.0,uM,-3.6989700043360183,PDBBind,Kd=200uM
3l6f,2.10,2009,ALA-PRO,C,1-15,ic50,=,102.0,nM,-6.991399828238082,PDBBind,IC50=102nM
3l81,1.600,2009,THR-GLN,B,686-692,kd,=,29.6,uM,-4.528708288941061,PDBBind,Kd=29.6uM
3ll8,2.00,2010,GLU-GLU,E,4-14,kd,=,0.4,uM,-6.3979400086720375,PDBBind,Kd=0.4uM
3lrh,2.60,2010,GLU-GLN,B,5-18,kd,=,45.0,nM,-7.346787486224656,PDBBind,Kd=45nM
3lrh,2.60,2010,GLU-GLN,D,5-18,kd,=,45.0,nM,-7.346787486224656,PDBBind,Kd=45nM
3lrh,2.60,2010,GLU-GLN,F,5-18,kd,=,45.0,nM,-7.346787486224656,PDBBind,Kd=45nM
3lrh,2.60,2010,GLU-GLN,H,5-18,kd,=,45.0,nM,-7.346787486224656,PDBBind,Kd=45nM
3lrh,2.60,2010,GLU-GLN,J,5-18,kd,=,45.0,nM,-7.346787486224656,PDBBind,Kd=45nM
3lrh,2.60,2010,GLU-GLN,L,5-18,kd,=,45.0,nM,-7.346787486224656,PDBBind,Kd=45nM
3lrh,2.60,2010,GLU-GLN,N,5-18,kd,=,45.0,nM,-7.346787486224656,PDBBind,Kd=45nM
3lrh,2.60,2010,GLU-GLN,P,5-18,kd,=,45.0,nM,-7.346787486224656,PDBBind,Kd=45nM
3m17,2.60,2010,ACE-NH2,I,0-14,kd,=,40.0,nM,-7.397940008672037,PDBBind,Kd=40nM
3m17,2.60,2010,ACE-NH2,J,0-14,kd,=,40.0,nM,-7.397940008672037,PDBBind,Kd=40nM
3m17,2.60,2010,ACE-NH2,K,0-14,kd,=,40.0,nM,-7.397940008672037,PDBBind,Kd=40nM
3m17,2.60,2010,ACE-NH2,L,0-14,kd,=,40.0,nM,-7.397940008672037,PDBBind,Kd=40nM
3mo8,1.69,2010,PRO-TYR,B,1-12,kd,=,0.8,mM,-3.096910013008056,PDBBind,Kd=0.8mM
3ng4,1.73,2010,GLC-GLC,E,1-2,kd,=,3.7,uM,-5.431798275933005,PDBBind,Kd=3.7uM
3nik,1.8500,2010,ARG-ALA,X,1-4,kd,=,358.8,uM,-3.4451475656279453,PDBBind,Kd=358.8uM
3nim,2.0000,2010,ARG-ALA,X,1-4,kd,=,17.7,uM,-4.752026733638194,PDBBind,Kd=17.7uM
3nth,2.8,2010,ALA-ARG,C,10-15,kd,=,48.0,uM,-4.318758762624412,PDBBind,Kd=48uM
3nzw,2.50,2010,BOC-ABN,3,1-5,ic50,=,1.5,uM,-5.823908740944319,PDBBind,IC50=1.5uM
3nzw,2.50,2010,BOC-ABN,4,1-5,ic50,=,1.5,uM,-5.823908740944319,PDBBind,IC50=1.5uM
3nzx,2.70,2010,BOC-ABN,3,1-5,ic50,=,6.8,uM,-5.167491087293763,PDBBind,IC50=6.8uM
3nzx,2.70,2010,BOC-ABN,4,1-5,ic50,=,6.8,uM,-5.167491087293763,PDBBind,IC50=6.8uM
3o4l,2.5400,2010,GLY-LEU,C,1-9,kd,=,8.1,uM,-5.091514981121351,PDBBind,Kd=8.1uM
3oap,2.0500,2010,LYS-ASP,B,686-696,kd,=,0.55,uM,-6.259637310505756,PDBBind,Kd=0.55uM
3obq,1.40,2010,PRO-LEU,B,346-354,kd,=,290.0,uM,-3.537602002101044,PDBBind,Kd=290uM
3obu,1.60,2010,PRO-GLU,B,5-13,kd,=,50.0,uM,-4.301029995663981,PDBBind,Kd=50uM
3obx,1.60,2010,PRO-GLU,B,5-13,kd,=,130.0,uM,-3.886056647693163,PDBBind,Kd=130uM
3oe0,2.90,2010,ARG-DPR,I,1-16,ki,=,2.5,nM,-8.602059991327963,PDBBind,Ki=2.5nM
3ov1,1.60,2010,ACT-NH2,B,1-5,kd,=,6.25,uM,-5.204119982655925,PDBBind,Kd=6.25uM
3ove,1.82,2010,ACT-NH2,B,1-5,kd,=,0.27,uM,-6.568636235841012,PDBBind,Kd=0.27uM
3p9h,1.80,2010,ACE-NH2,B,0-10,ki,=,8.7,uM,-5.060480747381382,PDBBind,Ki=8.7uM
3p9l,2.0000,2010,SER-LEU,C,1-8,kd,=,5.0,uM,-5.301029995663981,PDBBind,Kd=5uM
3p9l,2.0000,2010,SER-LEU,F,1-8,kd,=,5.0,uM,-5.301029995663981,PDBBind,Kd=5uM
3p9m,2.0000,2010,SER-LEU,C,1-8,kd,=,10.0,uM,-5.0,PDBBind,Kd=10uM
3p9m,2.0000,2010,SER-LEU,F,1-8,kd,=,10.0,uM,-5.0,PDBBind,Kd=10uM
3pab,2.2000,2010,GLU-LEU,C,1-8,kd,=,20.0,uM,-4.698970004336019,PDBBind,Kd=20uM
3pab,2.2000,2010,GLU-LEU,F,1-8,kd,=,20.0,uM,-4.698970004336019,PDBBind,Kd=20uM
3q4j,2.3000,2010,ACE-PHE,H,69-74,kd,=,613.0,nM,-6.212539525481585,PDBBind,Kd=613nM
3q4j,2.3000,2010,ACE-PHE,I,69-74,kd,=,613.0,nM,-6.212539525481585,PDBBind,Kd=613nM
3q4j,2.3000,2010,ACE-PHE,J,69-74,kd,=,613.0,nM,-6.212539525481585,PDBBind,Kd=613nM
3q4j,2.3000,2010,ACE-PHE,K,69-74,kd,=,613.0,nM,-6.212539525481585,PDBBind,Kd=613nM
3q4j,2.3000,2010,ACE-PHE,L,69-74,kd,=,613.0,nM,-6.212539525481585,PDBBind,Kd=613nM
3q4k,2.6000,2010,ACE-200,C,367-372,kd,=,89.0,nM,-7.050609993355087,PDBBind,Kd=89nM
3q4k,2.6000,2010,ACE-200,D,367-372,kd,=,89.0,nM,-7.050609993355087,PDBBind,Kd=89nM
3q4l,1.9500,2010,ACE-ZCL,C,367-372,kd,=,55.0,nM,-7.259637310505756,PDBBind,Kd=55nM
3q4l,1.9500,2010,ACE-ZCL,D,367-372,kd,=,55.0,nM,-7.259637310505756,PDBBind,Kd=55nM
3qfd,1.6800,2011,ALA-VAL,C,1-9,kd,=,68.0,uM,-4.167491087293763,PDBBind,Kd=68uM
3qfd,1.6800,2011,ALA-VAL,F,1-9,kd,=,68.0,uM,-4.167491087293763,PDBBind,Kd=68uM
3qw5,1.60,2011,ARG-NH2,B,196-200,ki,=,358.0,nM,-6.446116973356125,PDBBind,Ki=358nM
3qw6,1.60,2011,ARG-NH2,B,196-200,ic50,=,300.0,uM,-3.5228787452803374,PDBBind,IC50=300uM
3qw7,1.50,2011,ARG-NH2,B,196-200,ic50,=,1.8,uM,-5.7447274948966935,PDBBind,IC50=1.8uM
3qw8,1.60,2011,CYS-NH2,B,196-200,ic50,=,8.0,uM,-5.096910013008056,PDBBind,IC50=8.0uM
3r0h,2.6000,2011,ALA-VAL,a,1-9,kd,=,1.2,uM,-5.920818753952375,PDBBind,Kd=1.2uM
3r0h,2.6000,2011,ALA-VAL,b,1-9,kd,=,1.2,uM,-5.920818753952375,PDBBind,Kd=1.2uM
3r0h,2.6000,2011,ALA-VAL,c,1-9,kd,=,1.2,uM,-5.920818753952375,PDBBind,Kd=1.2uM
3r0h,2.6000,2011,ALA-VAL,d,1-9,kd,=,1.2,uM,-5.920818753952375,PDBBind,Kd=1.2uM
3r0h,2.6000,2011,ALA-VAL,e,1-9,kd,=,1.2,uM,-5.920818753952375,PDBBind,Kd=1.2uM
3r0h,2.6000,2011,ALA-VAL,f,1-9,kd,=,1.2,uM,-5.920818753952375,PDBBind,Kd=1.2uM
3r0h,2.6000,2011,ALA-VAL,g,1-9,kd,=,1.2,uM,-5.920818753952375,PDBBind,Kd=1.2uM
3r0h,2.6000,2011,ALA-VAL,h,1-9,kd,=,1.2,uM,-5.920818753952375,PDBBind,Kd=1.2uM
3r5j,1.77,2011,ACE-ASA,E,401-406,ic50,=,110.0,nM,-6.958607314841775,PDBBind,IC50=110nM
3r5j,1.77,2011,ACE-ASA,F,401-406,ic50,=,110.0,nM,-6.958607314841775,PDBBind,IC50=110nM
3r6g,2.07,2011,ACE-ASA,E,401-406,ic50,=,25.0,nM,-7.602059991327962,PDBBind,IC50=25nM
3r6g,2.07,2011,ACE-ASA,F,401-406,ic50,=,25.0,nM,-7.602059991327962,PDBBind,IC50=25nM
3r7b,1.80,2011,ACE-ASA,F,402-406,ic50,=,710.0,nM,-6.1487416512809245,PDBBind,IC50=710nM
3r7n,2.33,2011,ACE-ASA,E,402-406,ic50,=,710.0,nM,-6.1487416512809245,PDBBind,IC50=710nM
3r7n,2.33,2011,ACE-ASA,F,402-406,ic50,=,710.0,nM,-6.1487416512809245,PDBBind,IC50=710nM
3rq7,1.550,2011,ACE-NH2,B,1-7,ic50,=,17.0,nM,-7.769551078621726,PDBBind,IC50=17nM
3rse,2.65,2011,GLU-GLU,Z,52-54,kd,=,0.1,uM,-7.0,PDBBind,Kd=0.1uM
3rwc,2.502,2011,ILE-TRP,C,1-9,ic50,=,7.6,nM,-8.119186407719209,PDBBind,IC50=7.6nM
3rwc,2.502,2011,ILE-TRP,F,1-9,ic50,=,7.6,nM,-8.119186407719209,PDBBind,IC50=7.6nM
3rwd,2.602,2011,ILE-TRP,C,1-11,ic50,=,9.9,nM,-8.00436480540245,PDBBind,IC50=9.9nM
3rwd,2.602,2011,ILE-TRP,F,1-11,ic50,=,9.9,nM,-8.00436480540245,PDBBind,IC50=9.9nM
3rwe,2.400,2011,PHE-TRP,C,1-9,ic50,=,43.0,nM,-7.366531544420413,PDBBind,IC50=43nM
3rwf,2.600,2011,GLN-TRP,C,1-9,ic50,=,305.0,nM,-6.515700160653214,PDBBind,IC50=305nM
3rwg,2.10,2011,MET-TRP,C,1-9,ic50,=,2.8,nM,-8.55284196865778,PDBBind,IC50=2.8nM
3rwh,2.600,2011,MET-PHE,C,1-8,ic50,=,40.0,nM,-7.397940008672037,PDBBind,IC50=40nM
3rwh,2.600,2011,MET-PHE,F,1-8,ic50,=,40.0,nM,-7.397940008672037,PDBBind,IC50=40nM
3rwi,2.009,2011,GLY-TRP,C,1-10,ic50,=,116.0,nM,-6.935542010773082,PDBBind,IC50=116nM
3rwj,2.700,2011,HIS-TRP,C,1-8,ic50,=,16.0,nM,-7.795880017344075,PDBBind,IC50=16nM
3s8l,1.71,2011,ACE-NH2,B,1-5,kd,=,2.3,uM,-5.638272163982407,PDBBind,Kd=2.3uM
3s8n,1.71,2011,ACE-NH2,B,1-5,kd,=,0.62,uM,-6.207608310501746,PDBBind,Kd=0.62uM
3s8o,1.85,2011,ACE-NH2,B,1-5,kd,=,0.14,uM,-6.853871964321762,PDBBind,Kd=0.14uM
3soq,1.90,2011,ACE-NH2,Z,37-45,ic50,=,27.0,uM,-4.568636235841012,PDBBind,IC50=27uM
3t1n,2.600,2011,SEP-PHE,C,821-824,kd,=,0.8,uM,-6.096910013008056,PDBBind,Kd=0.8uM
3t1n,2.600,2011,SEP-PHE,D,821-824,kd,=,0.8,uM,-6.096910013008056,PDBBind,Kd=0.8uM
3t4p,1.77,2011,ASP-ILE,B,1-4,kd,=,6.43,uM,-5.191789027075778,PDBBind,Kd=6.43uM
3t6b,2.4000,2011,VAL-TRP,C,1-5,kd,=,0.44,uM,-6.356547323513812,PDBBind,Kd=0.44uM
3t6b,2.4000,2011,VAL-TRP,D,1-5,kd,=,0.44,uM,-6.356547323513812,PDBBind,Kd=0.44uM
3t6j,2.9760,2011,VAL-TRP,B,1-5,kd,=,0.44,uM,-6.356547323513812,PDBBind,Kd=0.44uM
3tfk,2.753,2011,GLN-LEU,B,1-9,kd,=,9.7,uM,-5.013228265733755,PDBBind,Kd=9.7uM
3tjh,2.120,2011,SER-ILE,B,1-9,kd,=,3.9,uM,-5.4089353929735005,PDBBind,Kd=3.9uM
3tpu,3.100,2011,PHE-ILE,F,1-9,kd,=,48.0,uM,-4.318758762624412,PDBBind,Kd=48uM
3tpu,3.100,2011,PHE-ILE,J,1-9,kd,=,48.0,uM,-4.318758762624412,PDBBind,Kd=48uM
3tpu,3.100,2011,PHE-ILE,L,1-9,kd,=,48.0,uM,-4.318758762624412,PDBBind,Kd=48uM
3tpu,3.100,2011,PHE-ILE,R,1-9,kd,=,48.0,uM,-4.318758762624412,PDBBind,Kd=48uM
3u0t,2.50,2011,ALA-VAL,E,30-40,kd,=,0.3,nM,-9.522878745280336,PDBBind,Kd=0.3nM
3u0t,2.50,2011,ALA-VAL,F,30-40,kd,=,0.3,nM,-9.522878745280336,PDBBind,Kd=0.3nM
3u2q,2.7,2011,SER-7BB,B,1-12,kd,=,6.0,nM,-8.221848749616356,PDBBind,Kd=6nM
3u3z,1.50,2011,SEP-PTR,B,1-4,kd,=,4.4,uM,-5.356547323513812,PDBBind,Kd=4.4uM
3u4w,1.900,2011,FUM-DAB,B,1-5,ic50,<,0.004,uM,-8.397940008672037,PDBBind,IC50<0.004uM
3u51,2.241,2011,FUM-NH2,C,1-6,kd,=,3.1,uM,-5.508638306165727,PDBBind,Kd=3.1uM
3u51,2.241,2011,FUM-NH2,D,1-6,kd,=,3.1,uM,-5.508638306165727,PDBBind,Kd=3.1uM
3uec,2.18,2011,ALA-LYS,B,1-4,kd,=,61.7,uM,-4.209714835966758,PDBBind,Kd=61.7uM
3unn,1.7000,2011,MET-ASP,B,1-8,kd,=,40.0,uM,-4.3979400086720375,PDBBind,Kd=40uM
3upv,1.60,2011,PRO-ASP,B,650-656,kd,=,5.0,uM,-5.301029995663981,PDBBind,Kd=5uM
3uqp,1.7700,2011,BOC-PDW,B,1-8,ic50,=,48.8,nM,-7.311580177997289,PDBBind,IC50=48.8nM
3uqr,3.0560,2011,QSC-PLJ,D,1-7,ic50,=,57.2,nM,-7.242603971206975,PDBBind,IC50=57.2nM
3uqr,3.0560,2011,QSC-PLJ,E,1-7,ic50,=,57.2,nM,-7.242603971206975,PDBBind,IC50=57.2nM
3uqr,3.0560,2011,QSC-PLJ,F,1-7,ic50,=,57.2,nM,-7.242603971206975,PDBBind,IC50=57.2nM
3ut5,2.73,2011,0EA-GLY,F,1-4,kd,=,1.8,uM,-5.7447274948966935,PDBBind,Kd=1.8uM
3uw4,1.79,2011,MAA-0DQ,Z,1-4,ki,=,0.017,uM,-7.769551078621726,PDBBind,Ki=0.017uM
3uw5,1.71,2011,MAA-0DQ,Y,1-4,ki,=,0.014,uM,-7.853871964321762,PDBBind,Ki=0.014uM
3uw5,1.71,2011,MAA-0DQ,Z,1-4,ki,=,0.014,uM,-7.853871964321762,PDBBind,Ki=0.014uM
3v2x,1.8500,2011,LEU-LEU,B,1-11,kd,=,4.5,uM,-5.346787486224656,PDBBind,Kd=4.5uM
3v31,1.57,2011,ACE-PRO,B,0-17,kd,=,1.6,uM,-5.795880017344075,PDBBind,Kd=1.6uM
4apo,1.895,2012,ALA-GLU,D,1-6,kd,=,12.3,uM,-4.910094888560602,PDBBind,Kd=12.3uM
4apo,1.895,2012,ALA-GLU,E,1-6,kd,=,12.3,uM,-4.910094888560602,PDBBind,Kd=12.3uM
4aza,2.16,2012,ACE-NH2,B,50-63,kd,=,103.0,nM,-6.987162775294828,PDBBind,Kd=103.0nM
4aza,2.16,2012,ACE-NH2,D,50-63,kd,=,103.0,nM,-6.987162775294828,PDBBind,Kd=103.0nM
4b3b,1.193,2012,ACE-NH2,C,0-5,kd,=,250.0,uM,-3.6020599913279625,PDBBind,Kd=250uM
4bd3,NMR,2012,ALA-TYR,B,31-41,kd,=,29.0,uM,-4.537602002101044,PDBBind,Kd=29uM
4bgy,2.68,2013,NAG-SIA,E,1-3,kd,=,1.1,mM,-2.958607314841775,PDBBind,Kd=1.1mM
4bh3,2.00,2013,NAG-SIA,D,1-3,kd,=,12.0,mM,-1.9208187539523751,PDBBind,Kd=12mM
4bh4,1.90,2013,NAG-SIA,D,1-3,kd,=,32.0,mM,-1.494850021680094,PDBBind,Kd=32mM
4bt9,1.900,2013,PRO-GLY,C,1-9,kd,=,143.5,uM,-3.843148098929989,PDBBind,Kd=143.5uM
4btb,1.899,2013,PRO-PRO,C,0-8,kd,=,9.8,uM,-5.008773924307505,PDBBind,Kd=9.8uM
4cc3,1.97,2013,PRO-ALA,B,1-12,kd,=,72.5,uM,-4.139661993429006,PDBBind,Kd=72.5uM
4cc3,1.97,2013,PRO-ALA,D,1-12,kd,=,72.5,uM,-4.139661993429006,PDBBind,Kd=72.5uM
4cc3,1.97,2013,PRO-ALA,F,1-12,kd,=,72.5,uM,-4.139661993429006,PDBBind,Kd=72.5uM
4cc3,1.97,2013,PRO-ALA,H,1-12,kd,=,72.5,uM,-4.139661993429006,PDBBind,Kd=72.5uM
4d2d,2.522,2014,ALA-ALA,B,31-33,ic50,=,340.0,uM,-3.468521082957745,PDBBind,IC50=340uM
4dfw,1.55,2012,ACE-NH2,D,1-7,ic50,=,14.0,nM,-7.853871964321762,PDBBind,IC50=14nM
4dgb,1.702,2012,PRO-ALA,B,86-91,kd,=,130.0,uM,-3.886056647693163,PDBBind,Kd=130uM
4dj7,2.81,2012,NAG-SIA,H,1-3,kd,=,0.5,uM,-6.301029995663981,PDBBind,Kd=0.5uM
4dj7,2.81,2012,NAG-SIA,I,1-3,kd,=,0.5,uM,-6.301029995663981,PDBBind,Kd=0.5uM
4dj7,2.81,2012,NAG-SIA,J,1-3,kd,=,0.5,uM,-6.301029995663981,PDBBind,Kd=0.5uM
4dv9,2.0760,2012,2OP-PLJ,B,1-8,ic50,=,189.0,nM,-6.723538195826755,PDBBind,IC50=189nM
4dvf,1.8030,2012,QSC-PLJ,C,1-7,ic50,=,128.0,nM,-6.892790030352131,PDBBind,IC50=128nM
4dvf,1.8030,2012,QSC-PLJ,D,1-7,ic50,=,128.0,nM,-6.892790030352131,PDBBind,IC50=128nM
4dxg,2.50,2012,NDG-FUC,B,1-4,kd,=,87.0,nM,-7.060480747381382,PDBBind,Kd=87.0nM
4e34,1.395,2012,ALA-ILE,C,1-10,kd,=,0.97,uM,-6.013228265733755,PDBBind,Kd=0.97uM
4e34,1.395,2012,ALA-ILE,D,1-10,kd,=,0.97,uM,-6.013228265733755,PDBBind,Kd=0.97uM
4e67,2.10,2012,HCI-NH2,B,0-7,kd,=,330.0,nM,-6.481486060122112,PDBBind,Kd=330nM
4eoy,2.22,2012,ASN-TYR,D,103-110,kd,=,326.0,nM,-6.486782399932061,PDBBind,Kd=326nM
4eoy,2.22,2012,ASN-TYR,E,103-110,kd,=,326.0,nM,-6.486782399932061,PDBBind,Kd=326nM
4eoy,2.22,2012,ASN-TYR,F,103-110,kd,=,326.0,nM,-6.486782399932061,PDBBind,Kd=326nM
4er2,2.0,1990,IVA-STA,I,1-6,ki,=,0.5,nM,-9.30102999566398,PDBBind,Ki=0.5nM
4ezr,1.90,2012,SER-VAL,B,12-19,kd,=,6.3,uM,-5.200659450546418,PDBBind,Kd=6.3uM
4ezw,1.80,2012,ASN-GLY,E,1-7,kd,=,1.0,uM,-6.0,PDBBind,Kd=1.0uM
4ezw,1.80,2012,ASN-GLY,F,1-7,kd,=,1.0,uM,-6.0,PDBBind,Kd=1.0uM
4ezw,1.80,2012,ASN-GLY,G,1-7,kd,=,1.0,uM,-6.0,PDBBind,Kd=1.0uM
4ezw,1.80,2012,ASN-GLY,H,1-7,kd,=,1.0,uM,-6.0,PDBBind,Kd=1.0uM
4ezx,1.70,2012,ASN-GLY,C,1-7,kd,=,1.6,uM,-5.795880017344075,PDBBind,Kd=1.6uM
4ezx,1.70,2012,ASN-GLY,D,1-7,kd,=,1.6,uM,-5.795880017344075,PDBBind,Kd=1.6uM
4ezz,2.05,2012,GLU-ILE,B,1-7,kd,=,6.4,uM,-5.1938200260161125,PDBBind,Kd=6.4uM
4fi9,3.05,2012,PHE-THR,B,6872-6885,kd,=,45.6,nM,-7.341035157335565,PDBBind,Kd=45.6nM
4fr3,1.90,2012,LYS-VAL,P,-3-2,kd,=,0.07,uM,-7.154901959985743,PDBBind,Kd=0.07uM
4fys,2.01,2012,VAL-PHE,C,1-6,kd,=,15.0,uM,-4.823908740944319,PDBBind,Kd=15uM
4fz3,2.10,2012,ACE-MCM,B,800-805,kd,=,184.3,uM,-3.734474664780926,PDBBind,Kd=184.3uM
4gly,1.518,2012,CYS-NH2,B,1-14,ki,=,7.7,uM,-5.113509274827518,PDBBind,Ki=7.7uM
4gm3,3.393,2012,ALQ-0XM,I,1-5,ki,<,1.0,nM,-9.0,PDBBind,Ki<1nM
4gm3,3.393,2012,ALQ-0XM,J,1-5,ki,<,1.0,nM,-9.0,PDBBind,Ki<1nM
4gm3,3.393,2012,ALQ-0XM,K,1-5,ki,<,1.0,nM,-9.0,PDBBind,Ki<1nM
4gm3,3.393,2012,ALQ-0XM,L,1-5,ki,<,1.0,nM,-9.0,PDBBind,Ki<1nM
4gm3,3.393,2012,ALQ-0XM,M,1-5,ki,<,1.0,nM,-9.0,PDBBind,Ki<1nM
4gm3,3.393,2012,ALQ-0XM,N,1-5,ki,<,1.0,nM,-9.0,PDBBind,Ki<1nM
4gm3,3.393,2012,ALQ-0XM,O,1-5,ki,<,1.0,nM,-9.0,PDBBind,Ki<1nM
4gm3,3.393,2012,ALQ-0XM,P,1-5,ki,<,1.0,nM,-9.0,PDBBind,Ki<1nM
4gm8,2.601,2012,ALQ-0XN,E,1-5,ki,<,1.0,nM,-9.0,PDBBind,Ki<1nM
4gm8,2.601,2012,ALQ-0XN,F,1-5,ki,<,1.0,nM,-9.0,PDBBind,Ki<1nM
4gm8,2.601,2012,ALQ-0XN,G,1-5,ki,<,1.0,nM,-9.0,PDBBind,Ki<1nM
4gm8,2.601,2012,ALQ-0XN,H,1-5,ki,<,1.0,nM,-9.0,PDBBind,Ki<1nM
4gpk,3.20,2012,SER-GLY,M,25-32,kd,=,0.03,uM,-7.522878745280337,PDBBind,Kd=0.03uM
4gpk,3.20,2012,SER-GLY,N,25-32,kd,=,0.03,uM,-7.522878745280337,PDBBind,Kd=0.03uM
4gpk,3.20,2012,SER-GLY,O,25-32,kd,=,0.03,uM,-7.522878745280337,PDBBind,Kd=0.03uM
4gpk,3.20,2012,SER-GLY,P,25-32,kd,=,0.03,uM,-7.522878745280337,PDBBind,Kd=0.03uM
4gpk,3.20,2012,SER-GLY,Q,25-32,kd,=,0.03,uM,-7.522878745280337,PDBBind,Kd=0.03uM
4gpk,3.20,2012,SER-GLY,R,25-32,kd,=,0.03,uM,-7.522878745280337,PDBBind,Kd=0.03uM
4gpk,3.20,2012,SER-GLY,S,25-32,kd,=,0.03,uM,-7.522878745280337,PDBBind,Kd=0.03uM
4gpk,3.20,2012,SER-GLY,T,25-32,kd,=,0.03,uM,-7.522878745280337,PDBBind,Kd=0.03uM
4gpk,3.20,2012,SER-GLY,U,25-32,kd,=,0.03,uM,-7.522878745280337,PDBBind,Kd=0.03uM
4gpk,3.20,2012,SER-GLY,V,25-32,kd,=,0.03,uM,-7.522878745280337,PDBBind,Kd=0.03uM
4gpk,3.20,2012,SER-GLY,W,25-32,kd,=,0.03,uM,-7.522878745280337,PDBBind,Kd=0.03uM
4gpk,3.20,2012,SER-GLY,X,25-32,kd,=,0.03,uM,-7.522878745280337,PDBBind,Kd=0.03uM
4gpl,3.00,2012,ACE-NH2,A,6-12,ki,=,1.3,uM,-5.886056647693163,PDBBind,Ki=1.3uM
4gvu,1.55,2012,6NA-VAL,B,1-8,ic50,=,30.0,nM,-7.522878745280337,PDBBind,IC50=30nM
4h75,2.098,2012,ALA-ARG,B,1-8,kd,=,0.25,uM,-6.6020599913279625,PDBBind,Kd=0.25uM
4ht6,1.9,2012,ILE-GLN,B,75-85,kd,=,620.0,nM,-6.207608310501746,PDBBind,Kd=620nM
4ht6,1.9,2012,ILE-GLN,D,75-85,kd,=,620.0,nM,-6.207608310501746,PDBBind,Kd=620nM
4ht6,1.9,2012,ILE-GLN,F,75-85,kd,=,620.0,nM,-6.207608310501746,PDBBind,Kd=620nM
4hxj,2.000,2012,ARG-THR,C,760-762,kd,~,74.3,uM,-4.129011186239425,PDBBind,Kd~74.3uM
4i2w,3.6000,2012,ALA-ASP,B,1-10,kd,=,120.8,uM,-3.917933065714887,PDBBind,Kd=120.8uM
4i80,3.10,2012,ACE-PRO,B,5-13,ki,=,23.8,nM,-7.623423042943488,PDBBind,Ki=23.8nM
4i9c,3.10,2012,GLN-ILE,C,44-48,kd,=,3.1,uM,-5.508638306165727,PDBBind,Kd=3.1uM
4iho,2.80,2012,GLU-LEU,C,1-9,kd,=,8.0,uM,-5.096910013008056,PDBBind,Kd=8uM
4iho,2.80,2012,GLU-LEU,F,1-9,kd,=,8.0,uM,-5.096910013008056,PDBBind,Kd=8uM
4in9,1.55,2013,SER-PRO,B,1-4,ki,=,10.7,uM,-4.97061622231479,PDBBind,Ki=10.7uM
4j44,1.30,2013,ALA-VAL,B,1-4,ki,=,1.87,uM,-5.7281583934635005,PDBBind,Ki=1.87uM
4j45,1.48,2013,ALA-ALA,B,1-4,ki,=,1.7,uM,-5.769551078621726,PDBBind,Ki=1.7uM
4j46,1.42,2013,ALA-ILE,B,1-4,ki,=,5.24,uM,-5.280668713016273,PDBBind,Ki=5.24uM
4j47,1.35,2013,SER-ILE,B,1-4,ki,=,12.02,uM,-4.92009553233328,PDBBind,Ki=12.02uM
4j78,1.478,2013,LYS-LEU,B,1-5,kd,=,22.5,uM,-4.647817481888637,PDBBind,Kd=22.5uM
4j79,1.559,2013,GLU-GLN,B,1-6,kd,>,800.0,uM,-3.096910013008056,PDBBind,Kd>800uM
4j81,1.745,2013,LYS-ASP,C,1-5,kd,=,31.9,uM,-4.496209316942819,PDBBind,Kd=31.9uM
4j81,1.745,2013,LYS-ASP,D,1-5,kd,=,31.9,uM,-4.496209316942819,PDBBind,Kd=31.9uM
4j82,1.461,2013,LYS-GLU,C,1-5,kd,=,44.2,uM,-4.354577730650908,PDBBind,Kd=44.2uM
4j82,1.461,2013,LYS-GLU,D,1-5,kd,=,44.2,uM,-4.354577730650908,PDBBind,Kd=44.2uM
4j86,1.48,2013,THR-ASN,C,1-6,kd,=,170.9,uM,-3.767257937279263,PDBBind,Kd=170.9uM
4j86,1.48,2013,THR-ASN,D,1-6,kd,=,170.9,uM,-3.767257937279263,PDBBind,Kd=170.9uM
4j8b,1.878,2013,LEU-LEU,B,1-6,kd,=,16.1,uM,-4.79317412396815,PDBBind,Kd=16.1uM
4jfd,2.4600,2013,GLU-VAL,C,1-10,kd,=,36.0,uM,-4.443697499232712,PDBBind,Kd=36uM
4jfe,2.7000,2013,GLU-VAL,C,1-10,kd,=,31.0,uM,-4.508638306165727,PDBBind,Kd=31uM
4jff,2.4300,2013,GLU-VAL,C,1-10,kd,=,0.6,nM,-9.221848749616356,PDBBind,Kd=0.6nM
4jjm,2.09,2013,DAL-ALA,E,1-11,kd,=,27.0,nM,-7.568636235841012,PDBBind,Kd=27nM
4jjm,2.09,2013,DAL-ALA,F,1-11,kd,=,27.0,nM,-7.568636235841012,PDBBind,Kd=27nM
4jk5,1.55,2013,ALA-ZBR,B,1-101,ki,=,0.028,uM,-7.552841968657781,PDBBind,Ki=0.028uM
4jk6,2.20,2013,ALA-ZBR,B,1-101,ki,=,0.064,uM,-7.1938200260161125,PDBBind,Ki=0.064uM
4joe,1.14,2013,ALA-ILE,C,1-10,ki,=,275.0,uM,-3.560667306169737,PDBBind,Ki=275uM
4joe,1.14,2013,ALA-ILE,D,1-10,ki,=,275.0,uM,-3.560667306169737,PDBBind,Ki=275uM
4k1e,1.300,2013,GLY-ASP,B,1-14,ki,=,3.59,nM,-8.44490555142168,PDBBind,Ki=3.59nM
4k3o,2.0000,2013,ACE-PHE,E,-1-4,kd,=,36.7,uM,-4.435333935747911,PDBBind,Kd=36.7uM
4k3p,2.1500,2013,ACE-PHE,E,-1-4,kd,=,1.6,uM,-5.795880017344075,PDBBind,Kd=1.6uM
4k3q,1.8500,2013,ACE-PHE,E,-1-4,kd,=,115.1,uM,-3.938924676370208,PDBBind,Kd=115.1uM
4k3r,1.8600,2013,ACE-ALA,E,-1-4,kd,=,259.1,uM,-3.586532587014175,PDBBind,Kd=259.1uM
4k78,1.800,2013,ALA-LEU,B,1-10,ki,=,16.2,uM,-4.790484985457369,PDBBind,Ki=16.2uM
4l3o,2.5180,2013,ACY-NH2,E,1001-1016,kd,=,1.0,uM,-6.0,PDBBind,Kd=1.0uM
4l3o,2.5180,2013,ACY-NH2,F,1001-1016,kd,=,1.0,uM,-6.0,PDBBind,Kd=1.0uM
4l3o,2.5180,2013,ACY-NH2,G,1001-1016,kd,=,1.0,uM,-6.0,PDBBind,Kd=1.0uM
4l3o,2.5180,2013,ACY-NH2,H,1001-1016,kd,=,1.0,uM,-6.0,PDBBind,Kd=1.0uM
4lkj,2.798,2013,NAG-SIA,C,1-3,kd,=,0.2,uM,-6.698970004336019,PDBBind,Kd=0.20uM
4lkl,1.5800,2013,ACE-ADM,B,2-101,ic50,=,0.82,uM,-6.086186147616283,PDBBind,IC50=0.82uM
4lp9,1.35,2013,SER-PRO,I,400-406,ic50,=,0.62,uM,-6.207608310501746,PDBBind,IC50=0.62uM
4m7c,2.0500,2013,SER-TRP,C,497-509,kd,=,0.75,uM,-6.1249387366083,PDBBind,Kd=0.75uM
4m7c,2.0500,2013,SER-TRP,D,497-509,kd,=,0.75,uM,-6.1249387366083,PDBBind,Kd=0.75uM
4mex,3.902,2013,28H-28K,M,1-9,ic50,=,0.2,uM,-6.698970004336019,PDBBind,IC50=0.2uM
4mex,3.902,2013,28H-28K,N,1-9,ic50,=,0.2,uM,-6.698970004336019,PDBBind,IC50=0.2uM
4mji,2.9900,2013,THR-ILE,C,1-8,kd,=,81.8,uM,-4.087246696328677,PDBBind,Kd=81.8uM
4mji,2.9900,2013,THR-ILE,H,1-8,kd,=,81.8,uM,-4.087246696328677,PDBBind,Kd=81.8uM
4mn3,1.542,2013,ACE-NH2,B,1-7,kd,=,1.77,uM,-5.752026733638194,PDBBind,Kd=1.77uM
4mnq,2.742,2013,ILE-LEU,C,1-9,kd,=,37.0,uM,-4.431798275933005,PDBBind,Kd=37uM
4mnw,1.49,2013,GLN-ZBR,B,1-101,ki,=,1.72,uM,-5.764471553092451,PDBBind,Ki=1.72uM
4mnx,1.85,2013,LEU-29N,B,1-101,ki,=,17.73,uM,-4.751291264399082,PDBBind,Ki=17.73uM
4mny,1.70,2013,GLY-29O,C,1-101,ki,=,1.96,uM,-5.707743928643524,PDBBind,Ki=1.96uM
4mny,1.70,2013,GLY-29O,D,1-101,ki,=,1.96,uM,-5.707743928643524,PDBBind,Ki=1.96uM
4n5t,1.70,2013,ACE-ALA,B,16-30,ki,=,7.0,nM,-8.154901959985743,PDBBind,Ki=7nM
4ngh,2.680,2013,ACE-LYS,P,670-686,ic50,=,30.0,nM,-7.522878745280337,PDBBind,IC50=30nM
4nhc,2.912,2013,ACE-LYS,P,670-686,ic50,=,46.0,nM,-7.337242168318426,PDBBind,IC50=46nM
4nmx,1.85,2013,ACE-NH2,Z,0-14,kd,=,0.66,uM,-6.180456064458132,PDBBind,Kd=0.66uM
4nxr,1.900,2013,ASN-VAL,B,1-8,kd,=,46.0,uM,-4.337242168318426,PDBBind,Kd=46uM
4o2c,1.802,2013,ACE-LEU,C,0-9,kd,=,10.0,nM,-8.0,PDBBind,Kd=10nM
4o2e,1.981,2013,SER-LEU,C,1-9,ic50,=,10.0,nM,-8.0,PDBBind,IC50=10nM
4o2e,1.981,2013,SER-LEU,F,1-9,ic50,=,10.0,nM,-8.0,PDBBind,IC50=10nM
4o2f,1.901,2013,HIS-LEU,C,1-8,ic50,=,387.0,nM,-6.412289034981089,PDBBind,IC50=387nM
4o2f,1.901,2013,HIS-LEU,F,1-8,ic50,=,387.0,nM,-6.412289034981089,PDBBind,IC50=387nM
4o37,1.40,2013,LYS-SER,A,1-15,kd,=,694.0,nM,-6.158640529545146,PDBBind,Kd=694nM
4o9w,1.694,2014,VAL-NH2,B,1-6,kd,=,69.91,nM,-7.155460697870992,PDBBind,Kd=69.91nM
4od7,1.597,2014,ACE-NH2,D,65-73,kd,=,8.3,uM,-5.080921907623926,PDBBind,Kd=8.3uM
4od7,1.597,2014,ACE-NH2,E,65-73,kd,=,8.3,uM,-5.080921907623926,PDBBind,Kd=8.3uM
4od7,1.597,2014,ACE-NH2,F,65-73,kd,=,8.3,uM,-5.080921907623926,PDBBind,Kd=8.3uM
4ofb,3.05,2014,ACE-NH2,B,1-14,kd,=,3.7,uM,-5.431798275933005,PDBBind,Kd=3.7uM
4omc,2.3,2014,2UC-00S,H,1-5,ki,=,16.7,pM,-10.777283528852417,PDBBind,Ki=16.7pM
4omc,2.3,2014,2UC-00S,I,1-5,ki,=,16.7,pM,-10.777283528852417,PDBBind,Ki=16.7pM
4omc,2.3,2014,2UC-00S,J,1-5,ki,=,16.7,pM,-10.777283528852417,PDBBind,Ki=16.7pM
4omc,2.3,2014,2UC-00S,K,1-5,ki,=,16.7,pM,-10.777283528852417,PDBBind,Ki=16.7pM
4omc,2.3,2014,2UC-00S,L,1-5,ki,=,16.7,pM,-10.777283528852417,PDBBind,Ki=16.7pM
4omc,2.3,2014,2UC-00S,N,1-5,ki,=,16.7,pM,-10.777283528852417,PDBBind,Ki=16.7pM
4omd,2.70,2014,HY1-00S,H,1-5,ki,=,977.0,pM,-9.010105436281227,PDBBind,Ki=977pM
4omd,2.70,2014,HY1-00S,I,1-5,ki,=,977.0,pM,-9.010105436281227,PDBBind,Ki=977pM
4omd,2.70,2014,HY1-00S,J,1-5,ki,=,977.0,pM,-9.010105436281227,PDBBind,Ki=977pM
4omd,2.70,2014,HY1-00S,K,1-5,ki,=,977.0,pM,-9.010105436281227,PDBBind,Ki=977pM
4omd,2.70,2014,HY1-00S,L,1-5,ki,=,977.0,pM,-9.010105436281227,PDBBind,Ki=977pM
4omd,2.70,2014,HY1-00S,N,1-5,ki,=,977.0,pM,-9.010105436281227,PDBBind,Ki=977pM
4os1,2.20,2014,GLY-NH2,B,1-15,ki,=,2.5,uM,-5.6020599913279625,PDBBind,Ki=2.5uM
4os2,1.79,2014,GLY-NH2,B,1-14,ki,=,0.2,uM,-6.698970004336019,PDBBind,Ki=0.20uM
4os4,2.00,2014,GLY-NH2,B,1-15,ki,=,13.6,uM,-4.866461091629782,PDBBind,Ki=13.6uM
4os5,2.26,2014,GLY-NH2,B,1-15,ki,=,23.7,uM,-4.625251653989896,PDBBind,Ki=23.7uM
4os6,1.75,2014,GLY-NH2,B,1-14,ki,=,0.36,uM,-6.443697499232712,PDBBind,Ki=0.36uM
4os7,2.00,2014,GLY-NH2,B,1-15,ki,=,24.0,uM,-4.619788758288394,PDBBind,Ki=24uM
4pg9,2.4000,2014,PHE-LEU,C,1-9,kd,=,16.0,nM,-7.795880017344075,PDBBind,Kd=16nM
4pgb,2.8000,2014,PHE-LEU,C,1-9,kd,=,33.0,nM,-7.481486060122112,PDBBind,Kd=33nM
4pgb,2.8000,2014,PHE-LEU,F,1-9,kd,=,33.0,nM,-7.481486060122112,PDBBind,Kd=33nM
4pgd,2.70,2014,PHE-PHE,C,1-9,kd,=,119.0,nM,-6.924453038607469,PDBBind,Kd=119nM
4pge,2.0000,2014,PHE-TRP,C,1-9,kd,=,17.0,nM,-7.769551078621726,PDBBind,Kd=17nM
4pr5,1.8000,2014,HIS-TYR,C,1-11,kd,=,2.2,uM,-5.657577319177793,PDBBind,Kd=2.2uM
4pra,1.8500,2014,HIS-TYR,C,1-11,kd,=,2.2,uM,-5.657577319177793,PDBBind,Kd=2.2uM
4prb,1.7500,2014,HIS-TYR,C,1-11,kd,=,131.5,uM,-3.8810742471742232,PDBBind,Kd=131.5uM
4prd,1.7500,2014,HIS-TYR,C,1-11,kd,=,25.4,uM,-4.5951662833800615,PDBBind,Kd=25.4uM
4pre,1.6500,2014,HIS-TYR,C,1-11,kd,=,180.5,uM,-3.743522793758323,PDBBind,Kd=180.5uM
4prh,2.50,2014,HIS-TYR,C,1-11,kd,=,25.4,uM,-4.5951662833800615,PDBBind,Kd=25.4uM
4pri,2.4,2014,HIS-TYR,C,1-11,kd,=,93.2,uM,-4.030584087646019,PDBBind,Kd=93.2uM
4prn,1.65,2014,HIS-TYR,C,1-11,kd,=,2.2,uM,-5.657577319177793,PDBBind,Kd=2.2uM
4prp,2.5000,2014,HIS-TYR,C,1-11,kd,=,2.2,uM,-5.657577319177793,PDBBind,Kd=2.2uM
4q4i,2.31,2014,L2O-ASP,C,1-4,ic50,=,0.047,uM,-7.327902142064282,PDBBind,IC50=0.047uM
4qbm,1.65,2014,GLY-LEU,C,14-22,kd,=,26.08,uM,-4.583692412940117,PDBBind,Kd=26.08uM
4qbm,1.65,2014,GLY-LEU,D,14-22,kd,=,26.08,uM,-4.583692412940117,PDBBind,Kd=26.08uM
4qok,3.0000,2014,GLU-VAL,C,1-10,kd,=,6.4,uM,-5.1938200260161125,PDBBind,Kd=6.4uM
4qyo,1.208,2014,ACE-NH2,Q,13-23,kd,=,6.0,nM,-8.221848749616356,PDBBind,Kd=6nM
4rcp,1.6000,2014,ACE-NH2,B,1-5,ic50,=,4.42,uM,-5.354577730650908,PDBBind,IC50=4.42uM
4ryd,2.15,2014,2UE-00S,H,1-5,ki,=,5.5,pM,-11.259637310505756,PDBBind,Ki=5.5pM
4ryd,2.15,2014,2UE-00S,I,1-5,ki,=,5.5,pM,-11.259637310505756,PDBBind,Ki=5.5pM
4ryd,2.15,2014,2UE-00S,J,1-5,ki,=,5.5,pM,-11.259637310505756,PDBBind,Ki=5.5pM
4ryd,2.15,2014,2UE-00S,K,1-5,ki,=,5.5,pM,-11.259637310505756,PDBBind,Ki=5.5pM
4ryd,2.15,2014,2UE-00S,L,1-5,ki,=,5.5,pM,-11.259637310505756,PDBBind,Ki=5.5pM
4ryd,2.15,2014,2UE-00S,N,1-5,ki,=,5.5,pM,-11.259637310505756,PDBBind,Ki=5.5pM
4sga,1.8,1990,ACE-PHE,P,5-1,ki,=,50.0,nM,-7.301029995663981,PDBBind,Ki=50nM
4trw,2.8500,2014,GLU-LHE,D,1-4,ic50,=,72.0,uM,-4.142667503568731,PDBBind,IC50=72uM
4trw,2.8500,2014,GLU-LHE,E,1-4,ic50,=,72.0,uM,-4.142667503568731,PDBBind,IC50=72uM
4trw,2.8500,2014,GLU-LHE,F,1-4,ic50,=,72.0,uM,-4.142667503568731,PDBBind,IC50=72uM
4trz,3.2500,2014,GLU-TVA,D,1-4,ic50,=,9.4,uM,-5.026872146400302,PDBBind,IC50=9.4uM
4trz,3.2500,2014,GLU-TVA,E,1-4,ic50,=,9.4,uM,-5.026872146400302,PDBBind,IC50=9.4uM
4trz,3.2500,2014,GLU-TVA,F,1-4,ic50,=,9.4,uM,-5.026872146400302,PDBBind,IC50=9.4uM
4tsz,2.00,2014,ACE-ZCL,0,467-472,kd,=,99.0,nM,-7.00436480540245,PDBBind,Kd=99nM
4tsz,2.00,2014,ACE-ZCL,1,467-472,kd,=,99.0,nM,-7.00436480540245,PDBBind,Kd=99nM
4tsz,2.00,2014,ACE-ZCL,2,467-472,kd,=,99.0,nM,-7.00436480540245,PDBBind,Kd=99nM
4tsz,2.00,2014,ACE-ZCL,3,467-472,kd,=,99.0,nM,-7.00436480540245,PDBBind,Kd=99nM
4tsz,2.00,2014,ACE-ZCL,4,467-472,kd,=,99.0,nM,-7.00436480540245,PDBBind,Kd=99nM
4tsz,2.00,2014,ACE-ZCL,5,467-472,kd,=,99.0,nM,-7.00436480540245,PDBBind,Kd=99nM
4tsz,2.00,2014,ACE-ZCL,6,467-472,kd,=,99.0,nM,-7.00436480540245,PDBBind,Kd=99nM
4tsz,2.00,2014,ACE-ZCL,Q,467-472,kd,=,99.0,nM,-7.00436480540245,PDBBind,Kd=99nM
4tsz,2.00,2014,ACE-ZCL,R,467-472,kd,=,99.0,nM,-7.00436480540245,PDBBind,Kd=99nM
4tsz,2.00,2014,ACE-ZCL,S,467-472,kd,=,99.0,nM,-7.00436480540245,PDBBind,Kd=99nM
4tsz,2.00,2014,ACE-ZCL,T,467-472,kd,=,99.0,nM,-7.00436480540245,PDBBind,Kd=99nM
4tsz,2.00,2014,ACE-ZCL,U,467-472,kd,=,99.0,nM,-7.00436480540245,PDBBind,Kd=99nM
4tsz,2.00,2014,ACE-ZCL,V,467-472,kd,=,99.0,nM,-7.00436480540245,PDBBind,Kd=99nM
4tsz,2.00,2014,ACE-ZCL,X,467-472,kd,=,99.0,nM,-7.00436480540245,PDBBind,Kd=99nM
4tsz,2.00,2014,ACE-ZCL,Y,467-472,kd,=,99.0,nM,-7.00436480540245,PDBBind,Kd=99nM
4tsz,2.00,2014,ACE-ZCL,Z,467-472,kd,=,99.0,nM,-7.00436480540245,PDBBind,Kd=99nM
4u6y,1.467,2014,PHE-MET,P,1-15,ic50,=,83.0,nM,-7.080921907623926,PDBBind,IC50=83nM
4u91,2.00,2014,PHE-CYS,B,398-408,kd,=,149.0,nM,-6.826813731587726,PDBBind,Kd=149nM
4u91,2.00,2014,PHE-CYS,E,398-408,kd,=,149.0,nM,-6.826813731587726,PDBBind,Kd=149nM
4v11,1.950,2014,SER-ASP,B,81-90,kd,=,324.0,nM,-6.489454989793388,PDBBind,Kd=324nM
4whh,1.9000,2014,QAC-NH2,B,1-5,ic50,=,0.04,uM,-7.397940008672037,PDBBind,IC50=0.04uM
4whl,2.7100,2014,KAC-NH2,B,1-5,ic50,=,0.4,uM,-6.3979400086720375,PDBBind,IC50=0.40uM
4wj5,1.6500,2014,GRN-LPH,C,0-9,ic50,=,0.51,uM,-6.292429823902063,PDBBind,IC50=0.51uM
4wj5,1.6500,2014,GRN-LPH,F,0-9,ic50,=,0.51,uM,-6.292429823902063,PDBBind,IC50=0.51uM
4wk2,2.5000,2014,GLY-PRO,C,5000-5005,kd,=,115.0,nM,-6.939302159646388,PDBBind,Kd=115nM
4wvs,2.09,2014,MAA-4LZ,B,1-5,ic50,=,0.54,uM,-6.267606240177032,PDBBind,IC50=0.54uM
4wvt,1.96,2014,MAA-3V7,C,1-6,ic50,=,4.87,uM,-5.3124710387853655,PDBBind,IC50=4.87uM
4wvt,1.96,2014,MAA-3V7,D,1-6,ic50,=,4.87,uM,-5.3124710387853655,PDBBind,IC50=4.87uM
4wvu,2.02,2014,MAA-HOX,B,1-5,ic50,=,1.97,uM,-5.705533773838408,PDBBind,IC50=1.97uM
4xhv,1.23,2015,ASP-VAL,B,1831-1840,kd,=,50.0,uM,-4.301029995663981,PDBBind,Kd=50uM
4y7r,1.898,2015,GLU-VAL,B,260-267,kd,=,9.3,uM,-5.031517051446065,PDBBind,Kd=9.3uM
4yk6,1.70,2015,TYR-PRO,B,365-375,kd,=,2.0,uM,-5.698970004336019,PDBBind,Kd=2.0uM
4yv9,1.95,2015,DAL-ALA,E,1-11,ic50,=,0.4,uM,-6.3979400086720375,PDBBind,IC50=0.4uM
4yv9,1.95,2015,DAL-ALA,F,1-11,ic50,=,0.4,uM,-6.3979400086720375,PDBBind,IC50=0.4uM
4yv9,1.95,2015,DAL-ALA,G,1-11,ic50,=,0.4,uM,-6.3979400086720375,PDBBind,IC50=0.4uM
4yv9,1.95,2015,DAL-ALA,H,1-11,ic50,=,0.4,uM,-6.3979400086720375,PDBBind,IC50=0.4uM
4z5w,2.2,2015,TYS-GLN,P,28-32,kd,=,1.55,uM,-5.809668301829708,PDBBind,Kd=1.55uM
4z5w,2.2,2015,TYS-GLN,Q,28-32,kd,=,1.55,uM,-5.809668301829708,PDBBind,Kd=1.55uM
4z7n,2.599,2015,ALA-VAL,G,408-411,kd,=,9.03,uM,-5.044312249686494,PDBBind,Kd=9.03uM
4z7n,2.599,2015,ALA-VAL,J,408-411,kd,=,9.03,uM,-5.044312249686494,PDBBind,Kd=9.03uM
4z7o,2.850,2015,ALA-VAL,G,408-411,kd,=,9.03,uM,-5.044312249686494,PDBBind,Kd=9.03uM
4z7o,2.850,2015,ALA-VAL,I,408-411,kd,=,9.03,uM,-5.044312249686494,PDBBind,Kd=9.03uM
4z8a,1.759,2015,ACE-NH2,B,1684-1700,kd,=,17.3,uM,-4.761953896871205,PDBBind,Kd=17.3uM
5aei,1.83,2015,LYS-ARG,D,1-10,kd,=,1.1,nM,-8.958607314841775,PDBBind,Kd=1.1nM
5aei,1.83,2015,LYS-ARG,E,1-10,kd,=,1.1,nM,-8.958607314841775,PDBBind,Kd=1.1nM
5aei,1.83,2015,LYS-ARG,F,1-10,kd,=,1.1,nM,-8.958607314841775,PDBBind,Kd=1.1nM
5aer,2.19,2015,ASN-SER,B,430-443,kd,=,40.0,uM,-4.3979400086720375,PDBBind,Kd=40uM
5aer,2.19,2015,ASN-SER,C,430-443,kd,=,40.0,uM,-4.3979400086720375,PDBBind,Kd=40uM
5agu,2.173,2015,ACE-GLY,C,1-11,kd,=,0.1,nM,-10.0,PDBBind,Kd=0.1nM
5agu,2.173,2015,ACE-GLY,D,1-11,kd,=,0.1,nM,-10.0,PDBBind,Kd=0.1nM
5agv,1.930,2015,ACE-GLY,C,1-11,kd,=,0.2,nM,-9.69897000433602,PDBBind,Kd=0.2nM
5agv,1.930,2015,ACE-GLY,D,1-11,kd,=,0.2,nM,-9.69897000433602,PDBBind,Kd=0.2nM
5ah2,2.129,2015,ACE-GLY,E,1-11,kd,=,0.083,nM,-10.080921907623926,PDBBind,Kd=0.083nM
5ah2,2.129,2015,ACE-GLY,F,1-11,kd,=,0.083,nM,-10.080921907623926,PDBBind,Kd=0.083nM
5ah2,2.129,2015,ACE-GLY,G,1-11,kd,=,0.083,nM,-10.080921907623926,PDBBind,Kd=0.083nM
5ah2,2.129,2015,ACE-GLY,H,1-11,kd,=,0.083,nM,-10.080921907623926,PDBBind,Kd=0.083nM
5axi,2.50,2015,ASP-PRO,E,1-5,ic50,=,120.0,uM,-3.9208187539523753,PDBBind,IC50=120uM
5azf,1.60,2015,TRP-LEU,C,1-4,kd,=,36.1,uM,-4.442492798094342,PDBBind,Kd=36.1uM
5azf,1.60,2015,TRP-LEU,D,1-4,kd,=,36.1,uM,-4.442492798094342,PDBBind,Kd=36.1uM
5b6c,1.55,2016,PHE-LEU,B,225-235,kd,=,221.0,uM,-3.6556077263148894,PDBBind,Kd=221uM
5brz,2.6200,2015,GLU-TYR,C,1-9,kd,=,7.1,nM,-8.148741651280925,PDBBind,Kd=7.1nM
5bs0,2.4000,2015,GLU-TYR,C,1-9,kd,=,76.7,nM,-7.115204636051019,PDBBind,Kd=76.7nM
5dd0,2.488,2015,ACE-NH2,P,659-671,kd,=,83.7,nM,-7.07727454200674,PDBBind,Kd=83.7nM
5e1m,1.7500,2015,PRO-ALA,D,1-6,kd,=,189.0,nM,-6.723538195826755,PDBBind,Kd=189nM
5e1m,1.7500,2015,PRO-ALA,E,1-6,kd,=,189.0,nM,-6.723538195826755,PDBBind,Kd=189nM
5e2q,2.404,2015,ASP-PHE,B,1-8,kd,=,1.64,uM,-5.785156151952302,PDBBind,Kd=1.64uM
5e3a,2.05,2015,TYR-LEU,B,1-5,kd,=,3.6,uM,-5.443697499232712,PDBBind,Kd=3.6uM
5e6o,1.80,2015,TRP-LEU,E,1-4,kd,=,76.9,uM,-4.114073660198569,PDBBind,Kd=76.9uM
5e6o,1.80,2015,TRP-LEU,F,1-4,kd,=,76.9,uM,-4.114073660198569,PDBBind,Kd=76.9uM
5e6o,1.80,2015,TRP-LEU,G,1-4,kd,=,76.9,uM,-4.114073660198569,PDBBind,Kd=76.9uM
5e6o,1.80,2015,TRP-LEU,H,1-4,kd,=,76.9,uM,-4.114073660198569,PDBBind,Kd=76.9uM
5efj,1.73,2015,5OM-DAL,F,1-4,ki,=,350.0,nM,-6.455931955649724,PDBBind,Ki=350nM
5eld,1.40,2015,NDG-FUC,F,1-5,kd,=,2.19,mM,-2.659555885159881,PDBBind,Kd=2.19mM
5eld,1.40,2015,NDG-FUC,G,1-5,kd,=,2.19,mM,-2.659555885159881,PDBBind,Kd=2.19mM
5eld,1.40,2015,NDG-FUC,H,1-5,kd,=,2.19,mM,-2.659555885159881,PDBBind,Kd=2.19mM
5eld,1.40,2015,NDG-FUC,I,1-5,kd,=,2.19,mM,-2.659555885159881,PDBBind,Kd=2.19mM
5ele,1.60,2015,NDG-FUC,K,1-5,kd,>,30.0,mM,-1.5228787452803376,PDBBind,Kd>30mM
5ele,1.60,2015,NDG-FUC,L,1-5,kd,>,30.0,mM,-1.5228787452803376,PDBBind,Kd>30mM
5ele,1.60,2015,NDG-FUC,M,1-5,kd,>,30.0,mM,-1.5228787452803376,PDBBind,Kd>30mM
5epk,1.80,2015,5R0-5R5,B,0-5,kd,=,1.8,uM,-5.7447274948966935,PDBBind,Kd=1.8uM
5epl,1.81,2015,5R0-5R5,C,0-5,kd,=,0.094,uM,-7.026872146400301,PDBBind,Kd=0.094uM
5epl,1.81,2015,5R0-5R5,D,0-5,kd,=,0.094,uM,-7.026872146400301,PDBBind,Kd=0.094uM
5eq0,1.18,2015,5R0-5R5,B,0-5,kd,=,1.2,uM,-5.920818753952375,PDBBind,Kd=1.2uM
5fot,1.189,2015,ACE-NH2,C,0-5,kd,=,680.0,uM,-3.167491087293764,PDBBind,Kd=680uM
5fou,1.500,2015,ACE-NH2,C,0-5,kd,=,113.0,uM,-3.94692155651658,PDBBind,Kd=113uM
5fov,1.739,2015,ACE-NH2,E,0-5,kd,=,1590.0,uM,-2.7986028756795487,PDBBind,Kd=1590uM
5fov,1.739,2015,ACE-NH2,F,101-108,kd,=,1590.0,uM,-2.7986028756795487,PDBBind,Kd=1590uM
5fow,1.797,2015,ACE-NH2,E,0-6,kd,=,93.0,uM,-4.031517051446065,PDBBind,Kd=93uM
5fow,1.797,2015,ACE-NH2,F,0-6,kd,=,93.0,uM,-4.031517051446065,PDBBind,Kd=93uM
5fox,1.300,2015,ACE-NH2,C,0-5,kd,=,675.0,uM,-3.170696227168975,PDBBind,Kd=675uM
5fpk,1.343,2015,ACE-NH2,C,0-5,kd,=,280.0,uM,-3.552841968657781,PDBBind,Kd=280uM
5gow,NMR,2016,TYR-ASP,A,392-410,kd,=,35.3,uM,-4.452225294612178,PDBBind,Kd=35.3uM
5gr9,2.767,2016,HIS-ASN,C,93-104,kd,=,33.0,nM,-7.481486060122112,PDBBind,Kd=33nM
5gub,1.780,2016,NGA-GCD,D,1-2,ic50,=,0.635,uM,-6.197226274708024,PDBBind,IC50=0.635uM
5gub,1.780,2016,NGA-GCD,E,1-2,ic50,=,0.635,uM,-6.197226274708024,PDBBind,IC50=0.635uM
5gub,1.780,2016,NGA-GCD,F,1-2,ic50,=,0.635,uM,-6.197226274708024,PDBBind,IC50=0.635uM
5h7g,1.85,2016,LEU-PRO,C,801-813,kd,=,0.57,nM,-9.244125144327509,PDBBind,Kd=0.57nM
5h7g,1.85,2016,LEU-PRO,D,801-813,kd,=,0.57,nM,-9.244125144327509,PDBBind,Kd=0.57nM
5h7h,1.95,2016,ACE-PRO,B,800-804,ic50,=,170.0,uM,-3.769551078621726,PDBBind,IC50=170uM
5h7h,1.95,2016,ACE-PRO,C,900-904,ic50,=,170.0,uM,-3.769551078621726,PDBBind,IC50=170uM
5hyx,2.5960,2016,ASP-ASN,A,1-13,kd,=,280.0,nM,-6.552841968657781,PDBBind,Kd=280nM
5i22,NMR,2016,SER-THR,B,1728-1744,kd,=,0.024,uM,-7.619788758288394,PDBBind,Kd=0.024uM
5iay,NMR,2016,THR-SER,B,642-657,kd,=,1.59,uM,-5.798602875679548,PDBBind,Kd=1.59uM
5ih2,1.80,2016,ACE-NH2,M,-1-10,kd,=,1.72,uM,-5.764471553092451,PDBBind,Kd=1.72uM
5ih2,1.80,2016,ACE-NH2,N,-1-10,kd,=,1.72,uM,-5.764471553092451,PDBBind,Kd=1.72uM
5iql,2.1000,2016,ALA-ALA,B,24-31,kd,=,27.5,uM,-4.560667306169737,PDBBind,Kd=27.5uM
5isz,2.060,2016,GLY-LEU,C,1-9,kd,=,32.0,uM,-4.494850021680094,PDBBind,Kd=32uM
5ixf,NMR,2016,ALA-ALA,B,1-14,kd,=,3.0,uM,-5.522878745280337,PDBBind,Kd=3uM
5ixq,1.86,2016,PRO-ASN,B,58-69,kd,=,20.0,uM,-4.698970004336019,PDBBind,Kd=20uM
5iz8,3.06,2016,ACE-NH2,C,0-8,ki,=,2.41,uM,-5.617982957425132,PDBBind,Ki=2.41uM
5iz8,3.06,2016,ACE-NH2,D,0-8,ki,=,2.41,uM,-5.617982957425132,PDBBind,Ki=2.41uM
5iz9,2.93,2016,ACE-NH2,B,0-8,ki,=,3.8,uM,-5.42021640338319,PDBBind,Ki=3.80uM
5iza,1.50,2016,ACE-NH2,B,0-8,ki,=,3.12,uM,-5.505845405981558,PDBBind,Ki=3.12uM
5izu,2.494,2016,ALA-LEU,B,963-977,kd,=,0.054,uM,-7.267606240177031,PDBBind,Kd=0.054uM
5izu,2.494,2016,ALA-LEU,D,963-977,kd,=,0.054,uM,-7.267606240177031,PDBBind,Kd=0.054uM
5jhd,2.4600,2016,GLY-LEU,C,1-9,kd,=,30.0,uM,-4.522878745280337,PDBBind,Kd=30uM
5jhd,2.4600,2016,GLY-LEU,H,1-9,kd,=,30.0,uM,-4.522878745280337,PDBBind,Kd=30uM
5jr6,2.300,2016,01B-NH2,F,1-5,ic50,=,20.2,uM,-4.694648630553377,PDBBind,IC50=20.2uM
5jzi,2.500,2016,LYS-VAL,C,1-10,kd,=,16.0,uM,-4.795880017344075,PDBBind,Kd=16uM
5jzi,2.500,2016,LYS-VAL,H,1-10,kd,=,16.0,uM,-4.795880017344075,PDBBind,Kd=16uM
5lne,2.20,2016,A2G-GAL,C,1-2,kd,=,17.43,uM,-4.758702612890007,PDBBind,Kd=17.43uM
5lne,2.20,2016,A2G-GAL,D,1-2,kd,=,17.43,uM,-4.758702612890007,PDBBind,Kd=17.43uM
5lrg,2.02,2016,73N-PHE,F,1-6,ic50,=,1.5,nM,-8.823908740944319,PDBBind,IC50=1.5nM
5lrg,2.02,2016,73N-PHE,G,1-6,ic50,=,1.5,nM,-8.823908740944319,PDBBind,IC50=1.5nM
5lrg,2.02,2016,73N-PHE,H,1-6,ic50,=,1.5,nM,-8.823908740944319,PDBBind,IC50=1.5nM
5lrj,2.20,2016,73P-PHE,F,1-6,ic50,=,1.9,nM,-8.721246399047171,PDBBind,IC50=1.9nM
5lrj,2.20,2016,73P-PHE,G,1-6,ic50,=,1.9,nM,-8.721246399047171,PDBBind,IC50=1.9nM
5lrj,2.20,2016,73P-PHE,H,1-6,ic50,=,1.9,nM,-8.721246399047171,PDBBind,IC50=1.9nM
5lvf,NMR,2016,PRO-SER,B,143-158,kd,=,15.0,uM,-4.823908740944319,PDBBind,Kd=15uM
5lyn,2.0000,2016,PRO-ASP,C,1-7,kd,=,9.04,uM,-5.043831569524636,PDBBind,Kd=9.04uM
5lyn,2.0000,2016,PRO-ASP,D,1-7,kd,=,9.04,uM,-5.043831569524636,PDBBind,Kd=9.04uM
5m9d,NMR,2016,THR-SER,B,139-154,kd,=,1.6,uM,-5.795880017344075,PDBBind,Kd=1.6uM
5moc,1.8000,2016,LYS-ASP,P,382-393,kd,=,23.6,uM,-4.627087997029893,PDBBind,Kd=23.6uM
5n1y,1.3900,2017,MET-VAL,C,1-10,kd,~,600.0,uM,-3.2218487496163566,PDBBind,Kd~600uM
5n70,1.81,2017,ALA-ARG,B,5-12,kd,=,3.0,nM,-8.522878745280337,PDBBind,Kd=3nM
5n8b,1.03,2017,ALA-NH2,C,1-13,kd,=,0.043,uM,-7.366531544420414,PDBBind,Kd=0.043uM
5n8b,1.03,2017,ALA-NH2,E,1-13,kd,=,0.043,uM,-7.366531544420414,PDBBind,Kd=0.043uM
5n8b,1.03,2017,ALA-NH2,F,1-13,kd,=,0.043,uM,-7.366531544420414,PDBBind,Kd=0.043uM
5n8b,1.03,2017,ALA-NH2,H,1-13,kd,=,0.043,uM,-7.366531544420414,PDBBind,Kd=0.043uM
5nme,2.94,2017,SER-LEU,C,1-9,kd,=,0.082,uM,-7.086186147616283,PDBBind,Kd=0.082uM
5nme,2.94,2017,SER-LEU,H,1-9,kd,=,0.082,uM,-7.086186147616283,PDBBind,Kd=0.082uM
5nmf,2.89,2017,SER-LEU,C,1-9,kd,=,0.038,uM,-7.42021640338319,PDBBind,Kd=0.038uM
5nmf,2.89,2017,SER-LEU,H,1-9,kd,=,0.038,uM,-7.42021640338319,PDBBind,Kd=0.038uM
5nmg,2.75,2017,SER-LEU,C,1-9,kd,=,1.77,uM,-5.752026733638194,PDBBind,Kd=1.77uM
5nmg,2.75,2017,SER-LEU,H,1-9,kd,=,1.77,uM,-5.752026733638194,PDBBind,Kd=1.77uM
5nwi,2.350,2017,TYR-ASN,P,673-677,kd,=,0.69,uM,-6.161150909262744,PDBBind,Kd=0.69uM
5o0e,1.50,2017,THR-ILE,C,9-26,kd,=,29.6,uM,-4.528708288941061,PDBBind,Kd=29.6uM
5ok3,1.588,2017,THR-ILE,D,8-25,kd,>,300.0,uM,-3.5228787452803374,PDBBind,Kd>300uM
5ol3,1.580,2017,THR-ILE,D,8-25,kd,=,4.32,uM,-5.364516253185088,PDBBind,Kd=4.32uM
5ovc,1.550,2017,ACE-LEU,B,986-992,kd,=,1.1,uM,-5.958607314841775,PDBBind,Kd=1.1uM
5ovp,1.500,2017,ACE-LEU,B,1509-1515,kd,=,9.1,uM,-5.040958607678906,PDBBind,Kd=9.1uM
5ovv,1.400,2017,ACE-ILE,B,697-703,kd,=,33.0,uM,-4.481486060122112,PDBBind,Kd=33uM
5sxm,2.0000,2016,ACE-NH2,C,0-7,kd,=,2.9,nM,-8.537602002101044,PDBBind,Kd=2.9nM
5sxm,2.0000,2016,ACE-NH2,D,0-7,kd,=,2.9,nM,-8.537602002101044,PDBBind,Kd=2.9nM
5t6z,2.00,2016,THR-TRP,C,1-10,kd,=,62.1,uM,-4.20690839982342,PDBBind,Kd=62.1uM
5t70,2.10,2016,THR-TRP,C,1-10,kd,=,102.0,uM,-3.9913998282380825,PDBBind,Kd=102uM
5tbn,NMR,2016,ALA-NH2,C,1-12,kd,=,3.6,uM,-5.443697499232712,PDBBind,Kd=3.6uM
5u98,2.000,2016,VAL-VAL,C,1-9,kd,=,0.2,nM,-9.69897000433602,PDBBind,Kd=0.2nM
5u98,2.000,2016,VAL-VAL,F,1-9,kd,=,0.2,nM,-9.69897000433602,PDBBind,Kd=0.2nM
5ul6,1.450,2017,ACE-NH2,M,-1-13,kd,=,0.006,uM,-8.221848749616356,PDBBind,Kd=0.006uM
5vi6,1.237,2017,PHE-5OM,B,1-4,kd,=,3.0,nM,-8.522878745280337,PDBBind,Kd=3nM
5vwi,1.750,2017,PRO-LEU,C,10-17,kd,=,14.5,uM,-4.838631997765026,PDBBind,Kd=14.5uM
5vwi,1.750,2017,PRO-LEU,D,10-17,kd,=,14.5,uM,-4.838631997765026,PDBBind,Kd=14.5uM
5vwk,2.350,2017,PRO-LEU,E,156-163,kd,=,3.3,uM,-5.481486060122113,PDBBind,Kd=3.3uM
5vwk,2.350,2017,PRO-LEU,F,156-163,kd,=,3.3,uM,-5.481486060122113,PDBBind,Kd=3.3uM
5vwk,2.350,2017,PRO-LEU,G,156-163,kd,=,3.3,uM,-5.481486060122113,PDBBind,Kd=3.3uM
5vwk,2.350,2017,PRO-LEU,H,156-163,kd,=,3.3,uM,-5.481486060122113,PDBBind,Kd=3.3uM
5w1v,3.31,2017,VAL-LEU,C,1-9,kd,=,37.4,uM,-4.42712839779952,PDBBind,Kd=37.4uM
5w1v,3.31,2017,VAL-LEU,H,1-9,kd,=,37.4,uM,-4.42712839779952,PDBBind,Kd=37.4uM
5w1v,3.31,2017,VAL-LEU,M,1-9,kd,=,37.4,uM,-4.42712839779952,PDBBind,Kd=37.4uM
5w1v,3.31,2017,VAL-LEU,R,1-9,kd,=,37.4,uM,-4.42712839779952,PDBBind,Kd=37.4uM
5w1w,3.10,2017,VAL-LEU,C,1-9,kd,=,3.0,uM,-5.522878745280337,PDBBind,Kd=3.0uM
5w1w,3.10,2017,VAL-LEU,H,1-9,kd,=,3.0,uM,-5.522878745280337,PDBBind,Kd=3.0uM
5w1w,3.10,2017,VAL-LEU,M,1-9,kd,=,3.0,uM,-5.522878745280337,PDBBind,Kd=3.0uM
5w1w,3.10,2017,VAL-LEU,R,1-9,kd,=,3.0,uM,-5.522878745280337,PDBBind,Kd=3.0uM
5w4s,NMR,2017,ACE-NH2,B,648-659,kd,=,94.0,uM,-4.026872146400302,PDBBind,Kd=94uM
5wkf,2.95,2017,GLY-ARG,C,1-10,kd,=,136.0,uM,-3.866461091629783,PDBBind,Kd=136uM
5wkf,2.95,2017,GLY-ARG,H,1-10,kd,=,136.0,uM,-3.866461091629783,PDBBind,Kd=136uM
5wkh,3.20,2017,GLY-ARG,C,1-10,kd,=,142.5,uM,-3.846185135655471,PDBBind,Kd=142.5uM
5wkh,3.20,2017,GLY-ARG,H,1-10,kd,=,142.5,uM,-3.846185135655471,PDBBind,Kd=142.5uM
5wlg,2.10,2017,SER-LEU,C,1-9,kd,=,19.0,uM,-4.721246399047171,PDBBind,Kd=19uM
5wlg,2.10,2017,SER-LEU,H,1-9,kd,=,19.0,uM,-4.721246399047171,PDBBind,Kd=19uM
5wou,1.550,2017,LEU-LEU,V,98-105,kd,=,664.0,nM,-6.177831920631983,PDBBind,Kd=664nM
5x54,2.30,2017,ACE-TRP,C,0-4,kd,=,10.0,uM,-5.0,PDBBind,Kd=10uM
5x54,2.30,2017,ACE-TRP,D,0-4,kd,=,10.0,uM,-5.0,PDBBind,Kd=10uM
5xjm,3.2000,2017,SAR-ILE,B,1-8,kd,=,0.43,nM,-9.366531544420411,PDBBind,Kd=0.43nM
5xn3,1.34,2017,ARG-VAL,B,1-8,kd,=,671.0,nM,-6.173277479831008,PDBBind,Kd=671nM
5y24,1.922,2017,GLY-ALA,C,1-6,kd,=,4.6,nM,-8.337242168318426,PDBBind,Kd=4.6nM
5y24,1.922,2017,GLY-ALA,D,1-6,kd,=,4.6,nM,-8.337242168318426,PDBBind,Kd=4.6nM
5ybe,2.1110,2017,PRO-ASP,B,1138-1156,kd,=,0.58,uM,-6.236572006437063,PDBBind,Kd=0.58uM
5yyf,1.903,2017,PHQ-FOA,B,4-101,kd,=,0.33,uM,-6.481486060122112,PDBBind,Kd=0.33uM
5yyf,1.903,2017,PHQ-FOA,D,4-101,kd,=,0.33,uM,-6.481486060122112,PDBBind,Kd=0.33uM
5zmq,1.987,2018,PAC-DAR,I,1-4,ic50,=,18.4,uM,-4.735182176990463,PDBBind,IC50=18.4uM
5zmq,1.987,2018,PAC-DAR,K,1-4,ic50,=,18.4,uM,-4.735182176990463,PDBBind,IC50=18.4uM
5zms,1.800,2018,2UE-DAR,F,1-4,ic50,=,5.9,uM,-5.229147988357855,PDBBind,IC50=5.9uM
5zms,1.800,2018,2UE-DAR,I,1-4,ic50,=,5.9,uM,-5.229147988357855,PDBBind,IC50=5.9uM
5zob,2.000,2018,2UE-00S,I,1-5,ic50,=,1.1,uM,-5.958607314841775,PDBBind,IC50=1.1uM
5zob,2.000,2018,2UE-00S,J,1-5,ic50,=,1.1,uM,-5.958607314841775,PDBBind,IC50=1.1uM
5zvw,2.292,2018,SER-ALA,B,1-6,kd,=,2.4,nM,-8.619788758288394,PDBBind,Kd=2.4nM
5zw6,2.050,2018,GLY-ALA,C,82-87,kd,=,10.0,nM,-8.0,PDBBind,Kd=10nM
5zw6,2.050,2018,GLY-ALA,D,82-87,kd,=,10.0,nM,-8.0,PDBBind,Kd=10nM
5zys,1.7800,2018,LEU-VAL,B,1247-1256,kd,=,0.54,uM,-6.267606240177032,PDBBind,Kd=0.54uM
6aee,3.303,2018,ARG-LEU,C,1-9,kd,=,4.28,uM,-5.368556230986828,PDBBind,Kd=4.28uM
6aee,3.303,2018,ARG-LEU,F,1-9,kd,=,4.28,uM,-5.368556230986828,PDBBind,Kd=4.28uM
6atv,1.751,2017,ACE-NH2,M,-1-13,kd,=,6.0,nM,-8.221848749616356,PDBBind,Kd=6.0nM
6axl,2.40,2017,ACE-NH2,G,1-14,kd,=,0.078,uM,-7.107905397309519,PDBBind,Kd=0.078uM
6axl,2.40,2017,ACE-NH2,I,1-14,kd,=,0.078,uM,-7.107905397309519,PDBBind,Kd=0.078uM
6b5q,2.1600,2017,PPI-1XY,D,1-5,kd,=,5.7,nM,-8.244125144327509,PDBBind,Kd=5.7nM
6b5q,2.1600,2017,PPI-1XY,E,1-5,kd,=,5.7,nM,-8.244125144327509,PDBBind,Kd=5.7nM
6bj3,1.898,2017,ILE-LEU,C,1-9,kd,=,17.0,uM,-4.769551078621726,PDBBind,Kd=17uM
6bnh,NMR,2017,LYS-ASN,B,201-213,kd,=,158.0,uM,-3.801342913045578,PDBBind,Kd=158uM
6cd9,1.5500,2018,PRO-TRP,B,1-4,kd,=,38.3,uM,-4.416801226031377,PDBBind,Kd=38.3uM
6cdc,1.7500,2018,PRO-TRP,C,1-4,kd,=,2.5,uM,-5.6020599913279625,PDBBind,Kd=2.5uM
6cen,1.6100,2018,ACE-NH2,D,0-6,ic50,=,3.2,uM,-5.494850021680094,PDBBind,IC50=3.2uM
6ct7,1.903,2018,ACE-LYS,S,0-10,kd,=,100.0,nM,-7.0,PDBBind,Kd=100nM
6ct7,1.903,2018,ACE-LYS,T,0-10,kd,=,100.0,nM,-7.0,PDBBind,Kd=100nM
6d78,2.347,2018,ALA-VAL,C,2-10,kd,=,1.8,nM,-8.744727494896694,PDBBind,Kd=1.8nM
6da1,2.0001269892,2018,PRO-NH2,C,281-297,kd,=,9.0,uM,-5.045757490560675,PDBBind,Kd=9uM
6dat,2.35002638783,2018,PRO-NH2,E,281-297,kd,=,9.0,uM,-5.045757490560675,PDBBind,Kd=9uM
6dat,2.35002638783,2018,PRO-NH2,F,281-297,kd,=,9.0,uM,-5.045757490560675,PDBBind,Kd=9uM
6dkp,2.966,2018,GLU-VAL,C,1-10,kd,=,36.4,nM,-7.438898616350944,PDBBind,Kd=36.4nM
6dn5,2.40,2018,TRP-BAL,B,1-8,kd,=,32.0,nM,-7.494850021680094,PDBBind,Kd=32nM
6dn6,1.59,2018,ILE-ABU,B,1-5,kd,=,7.0,nM,-8.154901959985743,PDBBind,Kd=7nM
6do1,2.901,2018,SAR-ILE,G,1-8,ki,=,8.32,nM,-8.079876673709276,PDBBind,Ki=8.32nM
6do1,2.901,2018,SAR-ILE,H,1-8,ki,=,8.32,nM,-8.079876673709276,PDBBind,Ki=8.32nM
6do3,2.1650,2018,PRO-GLY,C,85-91,ic50,=,0.0094,uM,-8.0268721464003,PDBBind,IC50=0.0094uM
6do3,2.1650,2018,PRO-GLY,D,85-91,ic50,=,0.0094,uM,-8.0268721464003,PDBBind,IC50=0.0094uM
6do4,2.2,2018,GLY-GLY,C,182-187,ic50,=,0.021,uM,-7.67778070526608,PDBBind,IC50=0.021uM
6do4,2.2,2018,GLY-GLY,D,182-187,ic50,=,0.021,uM,-7.67778070526608,PDBBind,IC50=0.021uM
6dql,3.30,2018,MET-LEU,C,1-8,kd,=,13.0,nM,-7.886056647693163,PDBBind,Kd=13nM
6dtn,1.475,2018,6D6-NH2,A,1-8,ic50,=,158.0,nM,-6.801342913045577,PDBBind,IC50=158nM
6e83,NMR,2018,ALA-GLY,A,1-12,kd,=,29.0,uM,-4.537602002101044,PDBBind,Kd=29uM
6e86,NMR,2018,ALA-ARG,A,1-8,kd,=,8.2,uM,-5.086186147616283,PDBBind,Kd=8.2uM
6efk,1.500,2018,ACE-ASP,C,636-641,kd,=,0.16,uM,-6.795880017344075,PDBBind,Kd=0.16uM
6efk,1.500,2018,ACE-ASP,D,636-641,kd,=,0.16,uM,-6.795880017344075,PDBBind,Kd=0.16uM
6eh2,1.76,2017,THR-ILE,B,10-27,kd,>,100.0,uM,-4.0,PDBBind,Kd>100uM
6eqa,3.1600,2017,ALA-VAL,C,2-10,kd,=,14.2,uM,-4.847711655616943,PDBBind,Kd=14.2uM
6er4,1.3000,2017,BGC-SIA,C,1-3,kd,=,1.7,mM,-2.769551078621726,PDBBind,Kd=1.70mM
6er4,1.3000,2017,BGC-SIA,D,1-3,kd,=,1.7,mM,-2.769551078621726,PDBBind,Kd=1.70mM
6erv,2.06,2017,THR-ILE,B,10-27,kd,=,4.32,uM,-5.364516253185088,PDBBind,Kd=4.32uM
6erw,1.89,2017,THR-ILE,D,9-26,kd,=,4.32,uM,-5.364516253185088,PDBBind,Kd=4.32uM
6evm,2.0,2017,PRO-PRO,C,1-9,kd,>,1500.0,uM,-2.8239087409443187,PDBBind,Kd>1500uM
6evn,1.480,2017,PRO-GLY,C,1-9,kd,=,19.7,uM,-4.705533773838408,PDBBind,Kd=19.7uM
6evo,1.550,2017,PRO-GLY,C,1-9,kd,=,6.8,uM,-5.167491087293763,PDBBind,Kd=6.8uM
6exj,1.800,2017,ACE-ILE,B,363-369,kd,=,47.0,uM,-4.327902142064282,PDBBind,Kd=47uM
6exj,1.800,2017,ACE-ILE,D,363-369,kd,=,47.0,uM,-4.327902142064282,PDBBind,Kd=47uM
6f0y,NMR,2017,LEU-LEU,B,419-433,kd,=,7.78,uM,-5.109020403010311,PDBBind,Kd=7.78uM
6fdp,NMR,2017,ASP-ASP,B,724-732,kd,=,5.5,uM,-5.259637310505756,PDBBind,Kd=5.5uM
6fdt,NMR,2017,SER-ASP,B,638-646,kd,=,50.5,uM,-4.296708621881338,PDBBind,Kd=50.5uM
6fvl,1.975,2018,ACE-PHE,H,1-6,kd,=,0.16,uM,-6.795880017344075,PDBBind,Kd=0.16uM
6fvl,1.975,2018,ACE-PHE,I,1-6,kd,=,0.16,uM,-6.795880017344075,PDBBind,Kd=0.16uM
6fvl,1.975,2018,ACE-PHE,J,1-6,kd,=,0.16,uM,-6.795880017344075,PDBBind,Kd=0.16uM
6fvl,1.975,2018,ACE-PHE,K,1-6,kd,=,0.16,uM,-6.795880017344075,PDBBind,Kd=0.16uM
6fvm,1.631,2018,ACE-PHE,H,1-6,kd,=,0.25,uM,-6.6020599913279625,PDBBind,Kd=0.25uM
6fvm,1.631,2018,ACE-PHE,I,1-6,kd,=,0.25,uM,-6.6020599913279625,PDBBind,Kd=0.25uM
6fvo,2.6890,2018,ACE-PHE,H,1-6,kd,=,2.84,uM,-5.546681659952962,PDBBind,Kd=2.84uM
6fvo,2.6890,2018,ACE-PHE,I,1-6,kd,=,2.84,uM,-5.546681659952962,PDBBind,Kd=2.84uM
6fvo,2.6890,2018,ACE-PHE,J,1-6,kd,=,2.84,uM,-5.546681659952962,PDBBind,Kd=2.84uM
6fvo,2.6890,2018,ACE-PHE,K,1-6,kd,=,2.84,uM,-5.546681659952962,PDBBind,Kd=2.84uM
6gbe,NMR,2018,MET-CYS,B,120-131,kd,=,318.0,uM,-3.4975728800155674,PDBBind,Kd=318uM
6ghj,2.260,2018,PHE-GLN,B,1-3,kd,=,6.89,mM,-2.1617807780923743,PDBBind,Kd=6.89mM
6gy5,1.086,2018,LEU-ASN,U,1334-1344,kd,=,13.7,uM,-4.863279432843593,PDBBind,Kd=13.7uM
6hp5,2.28,2018,GLY-ALA,C,1-6,kd,=,53.8,nM,-7.269217724333611,PDBBind,Kd=53.8nM
6hp5,2.28,2018,GLY-ALA,D,1-6,kd,=,53.8,nM,-7.269217724333611,PDBBind,Kd=53.8nM
6hy2,1.60,2018,TRP-ARG,A,1-12,ic50,=,50.0,nM,-7.301029995663981,PDBBind,IC50=50nM
6idb,2.502,2018,NAG-SIA,C,1-3,kd,=,0.4,uM,-6.3979400086720375,PDBBind,Kd=0.4uM
6idz,2.707,2018,NAG-SIA,C,1-3,kd,=,0.31,uM,-6.508638306165727,PDBBind,Kd=0.31uM
6iht,1.569,2018,GLY-SEP,X,1-3,kd,=,6.2,uM,-5.207608310501746,PDBBind,Kd=6.2uM
6ms1,1.350,2018,GLY-VAL,C,192-199,kd,=,6.0,uM,-5.221848749616356,PDBBind,Kd=6.0uM
6ms1,1.350,2018,GLY-VAL,D,145-152,kd,=,6.0,uM,-5.221848749616356,PDBBind,Kd=6.0uM
6mt4,1.55,2018,PHE-PHE,C,1-9,kd,=,150.5,uM,-3.8224635000701377,PDBBind,Kd=150.5uM
6mt5,1.550,2018,PHE-PHE,C,1-9,kd,=,32.3,uM,-4.490797477668897,PDBBind,Kd=32.3uM
6mt6,1.3100,2018,PHE-PHE,B,1-9,kd,=,133.0,uM,-3.876148359032914,PDBBind,Kd=133.0uM
6mtu,2.141,2018,PRO-LEU,C,822-829,kd,=,6083.0,nM,-5.215882183537077,PDBBind,Kd=6083nM
6mtu,2.141,2018,PRO-LEU,D,822-829,kd,=,6083.0,nM,-5.215882183537077,PDBBind,Kd=6083nM
6nsv,1.305,2019,ACE-ASP,C,636-641,kd,=,15.8,nM,-7.801342913045577,PDBBind,Kd=15.8nM
6nsv,1.305,2019,ACE-ASP,D,636-641,kd,=,15.8,nM,-7.801342913045577,PDBBind,Kd=15.8nM
6o9b,2.2000,2019,THR-LYS,C,1-9,kd,>,400.0,nM,-6.3979400086720375,PDBBind,Kd>400nM
6o9c,2.4500,2019,THR-LYS,C,1-9,kd,=,28.5,nM,-7.54515513999149,PDBBind,Kd=28.5nM
6pka,2.2500,2019,OO1-MP8,H,1-7,kd,=,1.19,uM,-5.924453038607469,PDBBind,Kd=1.19uM
6pka,2.2500,2019,OO1-MP8,J,1-7,kd,=,1.19,uM,-5.924453038607469,PDBBind,Kd=1.19uM
6pka,2.2500,2019,OO1-MP8,O,1-7,kd,=,1.19,uM,-5.924453038607469,PDBBind,Kd=1.19uM
6pka,2.2500,2019,OO1-MP8,P,1-7,kd,=,1.19,uM,-5.924453038607469,PDBBind,Kd=1.19uM
6pka,2.2500,2019,OO1-MP8,Q,1-7,kd,=,1.19,uM,-5.924453038607469,PDBBind,Kd=1.19uM
6pka,2.2500,2019,OO1-MP8,R,1-7,kd,=,1.19,uM,-5.924453038607469,PDBBind,Kd=1.19uM
6pka,2.2500,2019,OO1-MP8,U,1-7,kd,=,1.19,uM,-5.924453038607469,PDBBind,Kd=1.19uM
6pka,2.2500,2019,OO1-MP8,V,1-7,kd,=,1.19,uM,-5.924453038607469,PDBBind,Kd=1.19uM
6pka,2.2500,2019,OO1-MP8,X,1-7,kd,=,1.19,uM,-5.924453038607469,PDBBind,Kd=1.19uM
6pka,2.2500,2019,OO1-MP8,Y,1-7,kd,=,1.19,uM,-5.924453038607469,PDBBind,Kd=1.19uM
6pka,2.2500,2019,OO1-MP8,Z,1-7,kd,=,1.19,uM,-5.924453038607469,PDBBind,Kd=1.19uM
6pka,2.2500,2019,OO1-MP8,a,1-7,kd,=,1.19,uM,-5.924453038607469,PDBBind,Kd=1.19uM
6pka,2.2500,2019,OO1-MP8,b,1-7,kd,=,1.19,uM,-5.924453038607469,PDBBind,Kd=1.19uM
6pka,2.2500,2019,OO1-MP8,c,1-7,kd,=,1.19,uM,-5.924453038607469,PDBBind,Kd=1.19uM
6pu3,1.8000,2019,SER-ALA,B,1-4,kd,=,5.85,uM,-5.232844133917819,PDBBind,Kd=5.85uM
6q36,2.0100,2018,ACE-NH2,C,1-17,kd,=,25.0,nM,-7.602059991327962,PDBBind,Kd=25nM
6q36,2.0100,2018,ACE-NH2,D,1-17,kd,=,25.0,nM,-7.602059991327962,PDBBind,Kd=25nM
6q3q,2.0000,2018,GLY-ASP,a,0-7,kd,=,35.2,uM,-4.453457336521869,PDBBind,Kd=35.2uM
6q3q,2.0000,2018,GLY-ASP,b,0-7,kd,=,35.2,uM,-4.453457336521869,PDBBind,Kd=35.2uM
6seo,2.5500,2019,ACE-NH2,L,219-236,kd,=,18.0,uM,-4.7447274948966935,PDBBind,Kd=18uM
7hvp,2.4,1990,ACE-VME,C,0-6,ki,=,0.24,nM,-9.619788758288394,PDBBind,Ki=0.24nM
8hvp,2.5,1990,VAL-VAL,I,1-8,ki,<,1.0,nM,-9.0,PDBBind,Ki<1nM
